timestamp, memory.used [MiB], utilization.gpu [%]
2026/02/02 01:07:37.100, 17092 MiB, 0 %
2026/02/02 01:07:52.106, 17406 MiB, 0 %
2026/02/02 01:08:07.107, 17406 MiB, 0 %
2026/02/02 01:08:22.107, 20394 MiB, 49 %
2026/02/02 01:08:37.107, 19778 MiB, 38 %
2026/02/02 01:08:52.107, 21440 MiB, 51 %
2026/02/02 01:09:07.108, 22172 MiB, 53 %
2026/02/02 01:09:22.109, 22832 MiB, 46 %
2026/02/02 01:09:37.110, 22838 MiB, 33 %
2026/02/02 01:09:52.111, 22918 MiB, 37 %
2026/02/02 01:10:07.113, 22918 MiB, 58 %
2026/02/02 01:10:22.114, 22918 MiB, 67 %
2026/02/02 01:10:37.115, 22918 MiB, 61 %
2026/02/02 01:10:52.116, 22938 MiB, 75 %
2026/02/02 01:11:07.118, 22940 MiB, 46 %
2026/02/02 01:11:22.119, 22940 MiB, 63 %
2026/02/02 01:11:37.120, 22940 MiB, 46 %
2026/02/02 01:11:52.120, 22940 MiB, 67 %
2026/02/02 01:12:07.121, 22940 MiB, 42 %
2026/02/02 01:12:22.123, 22940 MiB, 65 %
2026/02/02 01:12:37.124, 22940 MiB, 63 %
2026/02/02 01:12:52.125, 22940 MiB, 48 %
2026/02/02 01:13:07.126, 22940 MiB, 22 %
2026/02/02 01:13:22.128, 22940 MiB, 28 %
2026/02/02 01:13:37.129, 22940 MiB, 34 %
2026/02/02 01:13:52.130, 22940 MiB, 44 %
2026/02/02 01:14:07.131, 22940 MiB, 79 %
2026/02/02 01:14:22.133, 22940 MiB, 60 %
2026/02/02 01:14:37.134, 22940 MiB, 75 %
2026/02/02 01:14:52.135, 22940 MiB, 50 %
2026/02/02 01:15:07.136, 22940 MiB, 49 %
2026/02/02 01:15:22.137, 22940 MiB, 47 %
2026/02/02 01:15:37.139, 21950 MiB, 99 %
2026/02/02 01:15:52.139, 22952 MiB, 99 %
2026/02/02 01:16:07.140, 20512 MiB, 86 %
2026/02/02 01:16:22.141, 18272 MiB, 4 %
2026/02/02 01:16:37.143, 18272 MiB, 3 %
2026/02/02 01:16:52.144, 17932 MiB, 8 %
2026/02/02 01:17:07.145, 4322 MiB, 0 %
2026/02/02 01:17:22.145, 20458 MiB, 0 %
2026/02/02 01:17:37.146, 20460 MiB, 0 %
2026/02/02 01:17:52.147, 20460 MiB, 0 %
2026/02/02 01:18:07.148, 66048 MiB, 9 %
2026/02/02 01:18:22.149, 71158 MiB, 0 %
2026/02/02 01:18:37.149, 19846 MiB, 13 %
2026/02/02 01:18:52.150, 23912 MiB, 57 %
2026/02/02 01:19:07.150, 24372 MiB, 40 %
2026/02/02 01:19:22.150, 24812 MiB, 43 %
2026/02/02 01:19:37.151, 24812 MiB, 58 %
2026/02/02 01:19:52.151, 24812 MiB, 72 %
2026/02/02 01:20:07.151, 24812 MiB, 54 %
2026/02/02 01:20:22.152, 24812 MiB, 19 %
2026/02/02 01:20:37.153, 24812 MiB, 50 %
2026/02/02 01:20:52.154, 24832 MiB, 39 %
2026/02/02 01:21:07.154, 24852 MiB, 38 %
2026/02/02 01:21:22.156, 24852 MiB, 60 %
2026/02/02 01:21:37.156, 24856 MiB, 53 %
2026/02/02 01:21:52.156, 24856 MiB, 48 %
2026/02/02 01:22:07.157, 24856 MiB, 72 %
2026/02/02 01:22:22.158, 24856 MiB, 26 %
2026/02/02 01:22:37.158, 24856 MiB, 75 %
2026/02/02 01:22:52.158, 24856 MiB, 75 %
2026/02/02 01:23:07.159, 24856 MiB, 59 %
2026/02/02 01:23:22.159, 24856 MiB, 58 %
2026/02/02 01:23:37.160, 24856 MiB, 50 %
2026/02/02 01:23:52.160, 24856 MiB, 45 %
2026/02/02 01:24:07.162, 24856 MiB, 61 %
2026/02/02 01:24:22.163, 24856 MiB, 69 %
2026/02/02 01:24:37.164, 24856 MiB, 55 %
2026/02/02 01:24:52.165, 24856 MiB, 92 %
2026/02/02 01:25:07.166, 24856 MiB, 28 %
2026/02/02 01:25:22.166, 24856 MiB, 48 %
2026/02/02 01:25:37.167, 24856 MiB, 49 %
2026/02/02 01:25:52.168, 24856 MiB, 54 %
2026/02/02 01:26:07.169, 22170 MiB, 87 %
2026/02/02 01:26:22.169, 23148 MiB, 56 %
2026/02/02 01:26:37.169, 19848 MiB, 0 %
2026/02/02 01:26:52.171, 19848 MiB, 6 %
2026/02/02 01:27:07.172, 20168 MiB, 4 %
2026/02/02 01:27:22.173, 19848 MiB, 8 %
2026/02/02 01:27:37.176, 20460 MiB, 17 %
2026/02/02 01:27:52.177, 20460 MiB, 0 %
2026/02/02 01:28:07.177, 20462 MiB, 0 %
2026/02/02 01:28:22.179, 65938 MiB, 0 %
2026/02/02 01:28:37.180, 66220 MiB, 7 %
2026/02/02 01:28:52.180, 71162 MiB, 91 %
2026/02/02 01:29:07.180, 19846 MiB, 0 %
2026/02/02 01:29:22.181, 20166 MiB, 3 %
2026/02/02 01:29:37.182, 20166 MiB, 5 %
2026/02/02 01:29:52.183, 20166 MiB, 0 %
2026/02/02 01:30:07.183, 34186 MiB, 1 %
2026/02/02 01:30:22.184, 34186 MiB, 0 %
2026/02/02 01:30:37.184, 34186 MiB, 0 %
2026/02/02 01:30:52.184, 34186 MiB, 1 %
2026/02/02 01:31:07.185, 34186 MiB, 1 %
2026/02/02 01:31:22.185, 35498 MiB, 0 %
2026/02/02 01:31:37.186, 35498 MiB, 0 %
2026/02/02 01:31:52.187, 35498 MiB, 0 %
2026/02/02 01:32:07.188, 35498 MiB, 0 %
2026/02/02 01:32:22.188, 36892 MiB, 45 %
2026/02/02 01:32:37.188, 36792 MiB, 38 %
2026/02/02 01:32:52.189, 37330 MiB, 62 %
2026/02/02 01:33:07.189, 40636 MiB, 51 %
2026/02/02 01:33:22.189, 40636 MiB, 79 %
2026/02/02 01:33:37.190, 40638 MiB, 52 %
2026/02/02 01:33:52.190, 40638 MiB, 39 %
2026/02/02 01:34:07.190, 40638 MiB, 52 %
2026/02/02 01:34:22.190, 40638 MiB, 29 %
2026/02/02 01:34:37.191, 40638 MiB, 51 %
2026/02/02 01:34:52.192, 40638 MiB, 56 %
2026/02/02 01:35:07.192, 40638 MiB, 48 %
2026/02/02 01:35:22.193, 40638 MiB, 48 %
2026/02/02 01:35:37.194, 40638 MiB, 87 %
2026/02/02 01:35:52.195, 40638 MiB, 48 %
2026/02/02 01:36:07.195, 40638 MiB, 56 %
2026/02/02 01:36:22.196, 40638 MiB, 31 %
2026/02/02 01:36:37.197, 40638 MiB, 64 %
2026/02/02 01:36:52.198, 40638 MiB, 60 %
2026/02/02 01:37:07.198, 40638 MiB, 90 %
2026/02/02 01:37:22.199, 40638 MiB, 53 %
2026/02/02 01:37:37.200, 40668 MiB, 85 %
2026/02/02 01:37:52.201, 40668 MiB, 78 %
2026/02/02 01:38:07.201, 37074 MiB, 72 %
2026/02/02 01:38:22.201, 37394 MiB, 85 %
2026/02/02 01:38:37.202, 35674 MiB, 0 %
2026/02/02 01:38:52.202, 35674 MiB, 0 %
2026/02/02 01:39:07.202, 36014 MiB, 6 %
2026/02/02 01:39:22.203, 35674 MiB, 0 %
2026/02/02 01:39:37.203, 35674 MiB, 0 %
2026/02/02 01:39:52.204, 22058 MiB, 0 %
2026/02/02 01:40:07.204, 22058 MiB, 0 %
2026/02/02 01:40:22.205, 22058 MiB, 0 %
2026/02/02 01:40:37.206, 22058 MiB, 0 %
2026/02/02 01:40:52.207, 22058 MiB, 0 %
2026/02/02 01:41:07.208, 22058 MiB, 0 %
2026/02/02 01:41:22.209, 22058 MiB, 0 %
2026/02/02 01:41:37.209, 22058 MiB, 0 %
2026/02/02 01:41:52.209, 22058 MiB, 0 %
2026/02/02 01:42:07.209, 22058 MiB, 0 %
2026/02/02 01:42:22.210, 22058 MiB, 0 %
2026/02/02 01:42:37.211, 22058 MiB, 0 %
2026/02/02 01:42:52.211, 22058 MiB, 0 %
2026/02/02 01:43:07.212, 22058 MiB, 0 %
2026/02/02 01:43:22.214, 22058 MiB, 0 %
2026/02/02 01:43:37.215, 22058 MiB, 0 %
2026/02/02 01:43:52.216, 22058 MiB, 0 %
2026/02/02 01:44:07.216, 22058 MiB, 0 %
2026/02/02 01:44:22.218, 22058 MiB, 0 %
2026/02/02 01:44:37.219, 22058 MiB, 0 %
2026/02/02 01:44:52.219, 22058 MiB, 0 %
2026/02/02 01:45:07.220, 22058 MiB, 0 %
2026/02/02 01:45:22.222, 22058 MiB, 0 %
2026/02/02 01:45:37.222, 22058 MiB, 0 %
2026/02/02 01:45:52.222, 22058 MiB, 0 %
2026/02/02 01:46:07.224, 22058 MiB, 0 %
2026/02/02 01:46:22.225, 22058 MiB, 0 %
2026/02/02 01:46:37.226, 22058 MiB, 0 %
2026/02/02 01:46:52.227, 22058 MiB, 0 %
2026/02/02 01:47:07.228, 22058 MiB, 0 %
2026/02/02 01:47:22.229, 22058 MiB, 0 %
2026/02/02 01:47:37.231, 22058 MiB, 0 %
2026/02/02 01:47:52.232, 22058 MiB, 0 %
2026/02/02 01:48:07.233, 22058 MiB, 0 %
2026/02/02 01:48:22.234, 22058 MiB, 0 %
2026/02/02 01:48:37.235, 22058 MiB, 0 %
2026/02/02 01:48:52.236, 22058 MiB, 0 %
2026/02/02 01:49:07.237, 22058 MiB, 0 %
2026/02/02 01:49:22.238, 22058 MiB, 0 %
2026/02/02 01:49:37.239, 22058 MiB, 0 %
2026/02/02 01:49:52.240, 22058 MiB, 0 %
2026/02/02 01:50:07.242, 22058 MiB, 0 %
2026/02/02 01:50:22.243, 22058 MiB, 0 %
2026/02/02 01:50:37.244, 22058 MiB, 0 %
2026/02/02 01:50:52.245, 22058 MiB, 0 %
2026/02/02 01:51:07.246, 22058 MiB, 0 %
2026/02/02 01:51:22.248, 22058 MiB, 0 %
2026/02/02 01:51:37.249, 22058 MiB, 0 %
2026/02/02 01:51:52.250, 22058 MiB, 0 %
2026/02/02 01:52:07.251, 22058 MiB, 0 %
2026/02/02 01:52:22.252, 22058 MiB, 0 %
2026/02/02 01:52:37.254, 22058 MiB, 0 %
2026/02/02 01:52:52.254, 22058 MiB, 0 %
2026/02/02 01:53:07.254, 22058 MiB, 0 %
2026/02/02 01:53:22.256, 22058 MiB, 0 %
2026/02/02 01:53:37.256, 22058 MiB, 0 %
2026/02/02 01:53:52.256, 22058 MiB, 0 %
2026/02/02 01:54:07.257, 22058 MiB, 0 %
2026/02/02 01:54:22.258, 22058 MiB, 0 %
2026/02/02 01:54:37.259, 22058 MiB, 0 %
2026/02/02 01:54:52.259, 22058 MiB, 0 %
2026/02/02 01:55:07.260, 22058 MiB, 0 %
2026/02/02 01:55:22.262, 22058 MiB, 0 %
2026/02/02 01:55:37.263, 22058 MiB, 0 %
2026/02/02 01:55:52.315, 22058 MiB, 0 %
2026/02/02 01:56:07.315, 22058 MiB, 0 %
2026/02/02 01:56:22.316, 22058 MiB, 0 %
2026/02/02 01:56:37.316, 22058 MiB, 0 %
2026/02/02 01:56:52.316, 22058 MiB, 0 %
2026/02/02 01:57:07.318, 22058 MiB, 0 %
2026/02/02 01:57:22.319, 22058 MiB, 0 %
2026/02/02 01:57:37.320, 22058 MiB, 0 %
2026/02/02 01:57:52.321, 22058 MiB, 0 %
2026/02/02 01:58:07.322, 22058 MiB, 0 %
2026/02/02 01:58:22.324, 22058 MiB, 0 %
2026/02/02 01:58:37.325, 22058 MiB, 0 %
2026/02/02 01:58:52.326, 22058 MiB, 0 %
2026/02/02 01:59:07.327, 22058 MiB, 0 %
2026/02/02 01:59:22.329, 22058 MiB, 0 %
2026/02/02 01:59:37.330, 22058 MiB, 0 %
2026/02/02 01:59:52.332, 22058 MiB, 0 %
2026/02/02 02:00:07.333, 22058 MiB, 0 %
2026/02/02 02:00:22.334, 22058 MiB, 0 %
2026/02/02 02:00:37.334, 22058 MiB, 0 %
2026/02/02 02:00:52.334, 22058 MiB, 0 %
2026/02/02 02:01:07.335, 22058 MiB, 0 %
2026/02/02 02:01:22.337, 22058 MiB, 0 %
2026/02/02 02:01:37.338, 22058 MiB, 0 %
2026/02/02 02:01:52.339, 22058 MiB, 0 %
2026/02/02 02:02:07.340, 22058 MiB, 0 %
2026/02/02 02:02:22.342, 22058 MiB, 0 %
2026/02/02 02:02:37.342, 22058 MiB, 0 %
2026/02/02 02:02:52.343, 22058 MiB, 0 %
2026/02/02 02:03:07.344, 22058 MiB, 0 %
2026/02/02 02:03:22.346, 22058 MiB, 0 %
2026/02/02 02:03:37.347, 37458 MiB, 0 %
2026/02/02 02:03:52.348, 37682 MiB, 0 %
2026/02/02 02:04:07.348, 1047 MiB, 0 %
2026/02/02 02:04:22.407, 1568 MiB, 0 %
2026/02/02 02:04:37.408, 1568 MiB, 0 %
2026/02/02 02:04:52.409, 17092 MiB, 0 %
2026/02/02 02:05:07.410, 17406 MiB, 0 %
2026/02/02 02:05:22.410, 17406 MiB, 0 %
2026/02/02 02:05:37.411, 17406 MiB, 0 %
2026/02/02 02:05:52.412, 17406 MiB, 0 %
2026/02/02 02:06:07.413, 21542 MiB, 41 %
2026/02/02 02:06:22.414, 20144 MiB, 57 %
2026/02/02 02:06:37.415, 22952 MiB, 76 %
2026/02/02 02:06:52.416, 22952 MiB, 42 %
2026/02/02 02:07:07.419, 22952 MiB, 64 %
2026/02/02 02:07:22.419, 22954 MiB, 47 %
2026/02/02 02:07:37.420, 22954 MiB, 35 %
2026/02/02 02:07:52.422, 22954 MiB, 31 %
2026/02/02 02:08:07.422, 22954 MiB, 36 %
2026/02/02 02:08:22.422, 22954 MiB, 75 %
2026/02/02 02:08:37.423, 22954 MiB, 40 %
2026/02/02 02:08:52.425, 22954 MiB, 35 %
2026/02/02 02:09:07.426, 22954 MiB, 42 %
2026/02/02 02:09:22.427, 22956 MiB, 78 %
2026/02/02 02:09:37.428, 22960 MiB, 63 %
2026/02/02 02:09:52.429, 22960 MiB, 51 %
2026/02/02 02:10:07.431, 22964 MiB, 90 %
2026/02/02 02:10:22.432, 22964 MiB, 45 %
2026/02/02 02:10:37.433, 22964 MiB, 35 %
2026/02/02 02:10:52.434, 22964 MiB, 73 %
2026/02/02 02:11:07.436, 22964 MiB, 40 %
2026/02/02 02:11:22.437, 22966 MiB, 59 %
2026/02/02 02:11:37.438, 20264 MiB, 61 %
2026/02/02 02:11:52.439, 23786 MiB, 65 %
2026/02/02 02:12:07.440, 20868 MiB, 59 %
2026/02/02 02:12:22.440, 22930 MiB, 48 %
2026/02/02 02:12:37.441, 22930 MiB, 57 %
2026/02/02 02:12:52.441, 22970 MiB, 37 %
2026/02/02 02:13:07.442, 22970 MiB, 33 %
2026/02/02 02:13:22.442, 22970 MiB, 57 %
2026/02/02 02:13:37.443, 22970 MiB, 81 %
2026/02/02 02:13:52.444, 22970 MiB, 52 %
2026/02/02 02:14:07.446, 22990 MiB, 56 %
2026/02/02 02:14:22.447, 22990 MiB, 77 %
2026/02/02 02:14:37.448, 22990 MiB, 44 %
2026/02/02 02:14:52.450, 22990 MiB, 44 %
2026/02/02 02:15:07.451, 22990 MiB, 69 %
2026/02/02 02:15:22.452, 22990 MiB, 34 %
2026/02/02 02:15:37.454, 22990 MiB, 91 %
2026/02/02 02:15:52.455, 22990 MiB, 57 %
2026/02/02 02:16:07.455, 22990 MiB, 77 %
2026/02/02 02:16:22.456, 22990 MiB, 30 %
2026/02/02 02:16:37.458, 22990 MiB, 51 %
2026/02/02 02:16:52.458, 22990 MiB, 79 %
2026/02/02 02:17:07.459, 22990 MiB, 68 %
2026/02/02 02:17:22.460, 22990 MiB, 55 %
2026/02/02 02:17:37.462, 19144 MiB, 73 %
2026/02/02 02:17:52.462, 19504 MiB, 73 %
2026/02/02 02:18:07.462, 19684 MiB, 42 %
2026/02/02 02:18:22.463, 17844 MiB, 0 %
2026/02/02 02:18:37.465, 17844 MiB, 0 %
2026/02/02 02:18:52.466, 17904 MiB, 3 %
2026/02/02 02:19:07.467, 18184 MiB, 1 %
2026/02/02 02:19:22.468, 32206 MiB, 1 %
2026/02/02 02:19:37.468, 32206 MiB, 1 %
2026/02/02 02:19:52.470, 32206 MiB, 1 %
2026/02/02 02:20:07.471, 32206 MiB, 1 %
2026/02/02 02:20:22.472, 32206 MiB, 1 %
2026/02/02 02:20:37.473, 33472 MiB, 0 %
2026/02/02 02:20:52.474, 33472 MiB, 0 %
2026/02/02 02:21:07.474, 33472 MiB, 0 %
2026/02/02 02:21:22.475, 33472 MiB, 0 %
2026/02/02 02:21:37.476, 33472 MiB, 0 %
2026/02/02 02:21:52.476, 34788 MiB, 31 %
2026/02/02 02:22:07.476, 36188 MiB, 57 %
2026/02/02 02:22:22.477, 38530 MiB, 73 %
2026/02/02 02:22:37.477, 38610 MiB, 38 %
2026/02/02 02:22:52.477, 38610 MiB, 30 %
2026/02/02 02:23:07.478, 38630 MiB, 87 %
2026/02/02 02:23:22.478, 38630 MiB, 81 %
2026/02/02 02:23:37.478, 38640 MiB, 63 %
2026/02/02 02:23:52.479, 38640 MiB, 62 %
2026/02/02 02:24:07.479, 38640 MiB, 22 %
2026/02/02 02:24:22.479, 38640 MiB, 55 %
2026/02/02 02:24:37.480, 38640 MiB, 43 %
2026/02/02 02:24:52.481, 38660 MiB, 49 %
2026/02/02 02:25:07.481, 38660 MiB, 45 %
2026/02/02 02:25:22.481, 38660 MiB, 49 %
2026/02/02 02:25:37.482, 38786 MiB, 63 %
2026/02/02 02:25:52.483, 36826 MiB, 53 %
2026/02/02 02:26:07.483, 38594 MiB, 44 %
2026/02/02 02:26:22.483, 38594 MiB, 71 %
2026/02/02 02:26:37.484, 38594 MiB, 51 %
2026/02/02 02:26:52.486, 38614 MiB, 60 %
2026/02/02 02:27:07.487, 38614 MiB, 63 %
2026/02/02 02:27:22.487, 38620 MiB, 47 %
2026/02/02 02:27:37.487, 38620 MiB, 45 %
2026/02/02 02:27:52.487, 38620 MiB, 48 %
2026/02/02 02:28:07.488, 38620 MiB, 50 %
2026/02/02 02:28:22.488, 38620 MiB, 57 %
2026/02/02 02:28:37.488, 38620 MiB, 73 %
2026/02/02 02:28:52.490, 38620 MiB, 60 %
2026/02/02 02:29:07.491, 38620 MiB, 69 %
2026/02/02 02:29:22.492, 38620 MiB, 62 %
2026/02/02 02:29:37.493, 38620 MiB, 77 %
2026/02/02 02:29:52.494, 38446 MiB, 75 %
2026/02/02 02:30:07.495, 33666 MiB, 57 %
2026/02/02 02:30:22.495, 33646 MiB, 0 %
2026/02/02 02:30:37.495, 33646 MiB, 0 %
2026/02/02 02:30:52.496, 34006 MiB, 2 %
2026/02/02 02:31:07.496, 34006 MiB, 0 %
2026/02/02 02:31:22.496, 34006 MiB, 4 %
2026/02/02 02:31:37.496, 48006 MiB, 1 %
2026/02/02 02:31:52.498, 48006 MiB, 1 %
2026/02/02 02:32:07.498, 48006 MiB, 1 %
2026/02/02 02:32:22.498, 48006 MiB, 1 %
2026/02/02 02:32:37.498, 48986 MiB, 0 %
2026/02/02 02:32:52.499, 49284 MiB, 0 %
2026/02/02 02:33:07.501, 49284 MiB, 0 %
2026/02/02 02:33:22.502, 1047 MiB, 76 %
2026/02/02 02:33:37.502, 1047 MiB, 0 %
2026/02/02 02:33:52.504, 1047 MiB, 0 %
2026/02/02 02:34:07.504, 1047 MiB, 0 %
2026/02/02 02:34:22.505, 1047 MiB, 0 %
2026/02/02 02:34:37.506, 1047 MiB, 0 %
2026/02/02 02:34:52.506, 1047 MiB, 0 %
2026/02/02 02:35:07.506, 1047 MiB, 0 %
2026/02/02 02:35:22.506, 1047 MiB, 0 %
2026/02/02 02:35:37.508, 1047 MiB, 0 %
2026/02/02 02:35:52.509, 1047 MiB, 0 %
2026/02/02 02:36:07.509, 1047 MiB, 0 %
2026/02/02 02:36:22.511, 1047 MiB, 0 %
2026/02/02 02:36:37.512, 1047 MiB, 0 %
2026/02/02 02:36:52.512, 1047 MiB, 0 %
2026/02/02 02:37:07.512, 1047 MiB, 0 %
2026/02/02 02:37:22.513, 1047 MiB, 0 %
2026/02/02 02:37:37.513, 1047 MiB, 0 %
2026/02/02 02:37:52.513, 1047 MiB, 0 %
2026/02/02 02:38:07.513, 1047 MiB, 0 %
2026/02/02 02:38:22.514, 1047 MiB, 0 %
2026/02/02 02:38:37.514, 1047 MiB, 0 %
2026/02/02 02:38:52.515, 1047 MiB, 0 %
2026/02/02 02:39:07.515, 1047 MiB, 0 %
2026/02/02 02:39:22.515, 1047 MiB, 0 %
2026/02/02 02:39:37.516, 1047 MiB, 0 %
2026/02/02 02:39:52.516, 1047 MiB, 0 %
2026/02/02 02:40:07.516, 1047 MiB, 0 %
2026/02/02 02:40:22.516, 1047 MiB, 0 %
2026/02/02 02:40:37.517, 1047 MiB, 0 %
2026/02/02 02:40:52.517, 1047 MiB, 0 %
2026/02/02 02:41:07.517, 1047 MiB, 0 %
2026/02/02 02:41:22.519, 1047 MiB, 0 %
2026/02/02 02:41:37.519, 1047 MiB, 0 %
2026/02/02 02:41:52.519, 1047 MiB, 0 %
2026/02/02 02:42:07.519, 1047 MiB, 0 %
2026/02/02 02:42:22.520, 1047 MiB, 0 %
2026/02/02 02:42:37.520, 1047 MiB, 0 %
2026/02/02 02:42:52.521, 1047 MiB, 0 %
2026/02/02 02:43:07.522, 1047 MiB, 0 %
2026/02/02 02:43:22.524, 1047 MiB, 0 %
2026/02/02 02:43:37.525, 1047 MiB, 0 %
2026/02/02 02:43:52.528, 1047 MiB, 0 %
2026/02/02 02:44:07.528, 1047 MiB, 0 %
2026/02/02 02:44:22.529, 1047 MiB, 0 %
2026/02/02 02:44:37.530, 1047 MiB, 0 %
2026/02/02 02:44:52.532, 1047 MiB, 0 %
2026/02/02 02:45:07.533, 1047 MiB, 0 %
2026/02/02 02:45:22.533, 1047 MiB, 0 %
2026/02/02 02:45:37.533, 1047 MiB, 0 %
2026/02/02 02:45:52.535, 1047 MiB, 0 %
2026/02/02 02:46:07.535, 1047 MiB, 0 %
2026/02/02 02:46:22.535, 1047 MiB, 0 %
2026/02/02 02:46:37.536, 1047 MiB, 0 %
2026/02/02 02:46:52.538, 1047 MiB, 0 %
2026/02/02 02:47:07.539, 1047 MiB, 0 %
2026/02/02 02:47:22.540, 1047 MiB, 0 %
2026/02/02 02:47:37.542, 1047 MiB, 0 %
2026/02/02 02:47:52.543, 1047 MiB, 0 %
2026/02/02 02:48:07.543, 1047 MiB, 0 %
2026/02/02 02:48:22.543, 1047 MiB, 0 %
2026/02/02 02:48:37.544, 1047 MiB, 0 %
2026/02/02 02:48:52.544, 1047 MiB, 0 %
2026/02/02 02:49:07.545, 1047 MiB, 0 %
2026/02/02 02:49:22.546, 1047 MiB, 0 %
2026/02/02 02:49:37.548, 1047 MiB, 0 %
2026/02/02 02:49:52.548, 1047 MiB, 0 %
2026/02/02 02:50:07.549, 1047 MiB, 0 %
2026/02/02 02:50:22.551, 1047 MiB, 0 %
2026/02/02 02:50:37.552, 1047 MiB, 0 %
2026/02/02 02:50:52.553, 1047 MiB, 0 %
2026/02/02 02:51:07.554, 1047 MiB, 0 %
2026/02/02 02:51:22.554, 1047 MiB, 0 %
2026/02/02 02:51:37.555, 1047 MiB, 0 %
2026/02/02 02:51:52.555, 1047 MiB, 0 %
2026/02/02 02:52:07.555, 1047 MiB, 0 %
2026/02/02 02:52:22.557, 1047 MiB, 0 %
2026/02/02 02:52:37.557, 1047 MiB, 0 %
2026/02/02 02:52:52.557, 1047 MiB, 0 %
2026/02/02 02:53:07.558, 1047 MiB, 0 %
2026/02/02 02:53:22.558, 1047 MiB, 0 %
2026/02/02 02:53:37.558, 1047 MiB, 0 %
2026/02/02 02:53:52.558, 1047 MiB, 0 %
2026/02/02 02:54:07.559, 1047 MiB, 0 %
2026/02/02 02:54:22.559, 1047 MiB, 0 %
2026/02/02 02:54:37.560, 1047 MiB, 0 %
2026/02/02 02:54:52.561, 1047 MiB, 0 %
2026/02/02 02:55:07.561, 1047 MiB, 0 %
2026/02/02 02:55:22.561, 1047 MiB, 0 %
2026/02/02 02:55:37.561, 1047 MiB, 0 %
2026/02/02 02:55:52.562, 1047 MiB, 0 %
2026/02/02 02:56:07.563, 1047 MiB, 0 %
2026/02/02 02:56:22.563, 1047 MiB, 0 %
2026/02/02 02:56:37.564, 1047 MiB, 0 %
2026/02/02 02:56:52.564, 1047 MiB, 0 %
2026/02/02 02:57:07.565, 1047 MiB, 0 %
2026/02/02 02:57:22.566, 1047 MiB, 0 %
2026/02/02 02:57:37.567, 1047 MiB, 0 %
2026/02/02 02:57:52.567, 1047 MiB, 0 %
2026/02/02 02:58:07.567, 1047 MiB, 0 %
2026/02/02 02:58:22.567, 1047 MiB, 0 %
2026/02/02 02:58:37.568, 1047 MiB, 0 %
2026/02/02 02:58:52.568, 1047 MiB, 0 %
2026/02/02 02:59:07.568, 1047 MiB, 0 %
2026/02/02 02:59:22.570, 1047 MiB, 0 %
2026/02/02 02:59:37.570, 1047 MiB, 0 %
2026/02/02 02:59:52.570, 1047 MiB, 0 %
2026/02/02 03:00:07.571, 1047 MiB, 0 %
2026/02/02 03:00:22.571, 1047 MiB, 0 %
2026/02/02 03:00:37.571, 1047 MiB, 0 %
2026/02/02 03:00:52.571, 1047 MiB, 0 %
2026/02/02 03:01:07.572, 1047 MiB, 0 %
2026/02/02 03:01:22.572, 1047 MiB, 0 %
2026/02/02 03:01:37.572, 1047 MiB, 0 %
2026/02/02 03:01:52.573, 1047 MiB, 0 %
2026/02/02 03:02:07.573, 1047 MiB, 0 %
2026/02/02 03:02:22.573, 1047 MiB, 0 %
2026/02/02 03:02:37.574, 1047 MiB, 0 %
2026/02/02 03:02:52.574, 1047 MiB, 0 %
2026/02/02 03:03:07.574, 1047 MiB, 0 %
2026/02/02 03:03:22.574, 1047 MiB, 0 %
2026/02/02 03:03:37.575, 1047 MiB, 0 %
2026/02/02 03:03:52.575, 1047 MiB, 0 %
2026/02/02 03:04:07.575, 1047 MiB, 0 %
2026/02/02 03:04:22.577, 1047 MiB, 0 %
2026/02/02 03:04:37.577, 1047 MiB, 0 %
2026/02/02 03:04:52.577, 1047 MiB, 0 %
2026/02/02 03:05:07.577, 1047 MiB, 0 %
2026/02/02 03:05:22.579, 1047 MiB, 0 %
2026/02/02 03:05:37.579, 1047 MiB, 0 %
2026/02/02 03:05:52.579, 1047 MiB, 0 %
2026/02/02 03:06:07.579, 1047 MiB, 0 %
2026/02/02 03:06:22.581, 1047 MiB, 0 %
2026/02/02 03:06:37.581, 1047 MiB, 0 %
2026/02/02 03:06:52.581, 1047 MiB, 0 %
2026/02/02 03:07:07.583, 1047 MiB, 0 %
2026/02/02 03:07:22.584, 1047 MiB, 0 %
2026/02/02 03:07:37.585, 1047 MiB, 0 %
2026/02/02 03:07:52.585, 1047 MiB, 0 %
2026/02/02 03:08:07.586, 1047 MiB, 0 %
2026/02/02 03:08:22.588, 1047 MiB, 0 %
2026/02/02 03:08:37.588, 1047 MiB, 0 %
2026/02/02 03:08:52.588, 1047 MiB, 0 %
2026/02/02 03:09:07.589, 1047 MiB, 0 %
2026/02/02 03:09:22.590, 1047 MiB, 0 %
2026/02/02 03:09:37.590, 1047 MiB, 0 %
2026/02/02 03:09:52.591, 1047 MiB, 0 %
2026/02/02 03:10:07.592, 1047 MiB, 0 %
2026/02/02 03:10:22.592, 1047 MiB, 0 %
2026/02/02 03:10:37.592, 1047 MiB, 0 %
2026/02/02 03:10:52.593, 1047 MiB, 0 %
2026/02/02 03:11:07.594, 1047 MiB, 0 %
2026/02/02 03:11:22.595, 1047 MiB, 0 %
2026/02/02 03:11:37.595, 1047 MiB, 0 %
2026/02/02 03:11:52.595, 1047 MiB, 0 %
2026/02/02 03:12:07.596, 1047 MiB, 0 %
2026/02/02 03:12:22.597, 1047 MiB, 0 %
2026/02/02 03:12:37.597, 1047 MiB, 0 %
2026/02/02 03:12:52.597, 1047 MiB, 0 %
2026/02/02 03:13:07.598, 1047 MiB, 0 %
2026/02/02 03:13:22.599, 1047 MiB, 0 %
2026/02/02 03:13:37.599, 1047 MiB, 0 %
2026/02/02 03:13:52.600, 1047 MiB, 0 %
2026/02/02 03:14:07.601, 1047 MiB, 0 %
2026/02/02 03:14:22.601, 1047 MiB, 0 %
2026/02/02 03:14:37.601, 1047 MiB, 0 %
2026/02/02 03:14:52.602, 1047 MiB, 0 %
2026/02/02 03:15:07.602, 1047 MiB, 0 %
2026/02/02 03:15:22.602, 1047 MiB, 0 %
2026/02/02 03:15:37.603, 1047 MiB, 0 %
2026/02/02 03:15:52.603, 1047 MiB, 0 %
2026/02/02 03:16:07.604, 1047 MiB, 0 %
2026/02/02 03:16:22.605, 1047 MiB, 0 %
2026/02/02 03:16:37.606, 1047 MiB, 0 %
2026/02/02 03:16:52.607, 1047 MiB, 0 %
2026/02/02 03:17:07.608, 1047 MiB, 0 %
2026/02/02 03:17:22.609, 1047 MiB, 0 %
2026/02/02 03:17:37.609, 1047 MiB, 0 %
2026/02/02 03:17:52.611, 1047 MiB, 0 %
2026/02/02 03:18:07.612, 1047 MiB, 0 %
2026/02/02 03:18:22.613, 1047 MiB, 0 %
2026/02/02 03:18:37.614, 1047 MiB, 0 %
2026/02/02 03:18:52.616, 1047 MiB, 0 %
2026/02/02 03:19:07.617, 1047 MiB, 0 %
2026/02/02 03:19:22.618, 1047 MiB, 0 %
2026/02/02 03:19:37.618, 1047 MiB, 0 %
2026/02/02 03:19:52.619, 1047 MiB, 0 %
2026/02/02 03:20:07.620, 1047 MiB, 0 %
2026/02/02 03:20:22.621, 1047 MiB, 0 %
2026/02/02 03:20:37.622, 1047 MiB, 0 %
2026/02/02 03:20:52.623, 1047 MiB, 0 %
2026/02/02 03:21:07.623, 1047 MiB, 0 %
2026/02/02 03:21:22.624, 1047 MiB, 0 %
2026/02/02 03:21:37.625, 1047 MiB, 0 %
2026/02/02 03:21:52.626, 1047 MiB, 0 %
2026/02/02 03:22:07.626, 1047 MiB, 0 %
2026/02/02 03:22:22.626, 1047 MiB, 0 %
2026/02/02 03:22:37.627, 1047 MiB, 0 %
2026/02/02 03:22:52.627, 1047 MiB, 0 %
2026/02/02 03:23:07.628, 1047 MiB, 0 %
2026/02/02 03:23:22.629, 1047 MiB, 0 %
2026/02/02 03:23:37.630, 1047 MiB, 0 %
2026/02/02 03:23:52.631, 1047 MiB, 0 %
2026/02/02 03:24:07.631, 1047 MiB, 0 %
2026/02/02 03:24:22.632, 1047 MiB, 0 %
2026/02/02 03:24:37.632, 1047 MiB, 0 %
2026/02/02 03:24:52.633, 1047 MiB, 0 %
2026/02/02 03:25:07.634, 1047 MiB, 0 %
2026/02/02 03:25:22.636, 1047 MiB, 0 %
2026/02/02 03:25:37.637, 1047 MiB, 0 %
2026/02/02 03:25:52.638, 1047 MiB, 0 %
2026/02/02 03:26:07.638, 1047 MiB, 0 %
2026/02/02 03:26:22.640, 1047 MiB, 0 %
2026/02/02 03:26:37.641, 1047 MiB, 0 %
2026/02/02 03:26:52.641, 1047 MiB, 0 %
2026/02/02 03:27:07.643, 1047 MiB, 0 %
2026/02/02 03:27:22.643, 1047 MiB, 0 %
2026/02/02 03:27:37.643, 1047 MiB, 0 %
2026/02/02 03:27:52.644, 1047 MiB, 0 %
2026/02/02 03:28:07.646, 1047 MiB, 0 %
2026/02/02 03:28:22.647, 1047 MiB, 0 %
2026/02/02 03:28:37.648, 1047 MiB, 0 %
2026/02/02 03:28:52.649, 1047 MiB, 0 %
2026/02/02 03:29:07.649, 1047 MiB, 0 %
2026/02/02 03:29:22.650, 1047 MiB, 0 %
2026/02/02 03:29:37.650, 1047 MiB, 0 %
2026/02/02 03:29:52.650, 1047 MiB, 0 %
2026/02/02 03:30:07.651, 1047 MiB, 0 %
2026/02/02 03:30:22.651, 1047 MiB, 0 %
2026/02/02 03:30:37.651, 1047 MiB, 0 %
2026/02/02 03:30:52.652, 1047 MiB, 0 %
2026/02/02 03:31:07.652, 1047 MiB, 0 %
2026/02/02 03:31:22.652, 1047 MiB, 0 %
2026/02/02 03:31:37.653, 1047 MiB, 0 %
2026/02/02 03:31:52.653, 1047 MiB, 0 %
2026/02/02 03:32:07.654, 1047 MiB, 0 %
2026/02/02 03:32:22.654, 1047 MiB, 0 %
2026/02/02 03:32:37.655, 1047 MiB, 0 %
2026/02/02 03:32:52.655, 1047 MiB, 0 %
2026/02/02 03:33:07.655, 1047 MiB, 0 %
2026/02/02 03:33:22.656, 1047 MiB, 0 %
2026/02/02 03:33:37.656, 1047 MiB, 0 %
2026/02/02 03:33:52.656, 1047 MiB, 0 %
2026/02/02 03:34:07.657, 1047 MiB, 0 %
2026/02/02 03:34:22.657, 1047 MiB, 0 %
2026/02/02 03:34:37.657, 1047 MiB, 0 %
2026/02/02 03:34:52.658, 1047 MiB, 0 %
2026/02/02 03:35:07.658, 1047 MiB, 0 %
2026/02/02 03:35:22.658, 1047 MiB, 0 %
2026/02/02 03:35:37.658, 1047 MiB, 0 %
2026/02/02 03:35:52.659, 1047 MiB, 0 %
2026/02/02 03:36:07.659, 1047 MiB, 0 %
2026/02/02 03:36:22.659, 1047 MiB, 0 %
2026/02/02 03:36:37.660, 1047 MiB, 0 %
2026/02/02 03:36:52.660, 1047 MiB, 0 %
2026/02/02 03:37:07.660, 1047 MiB, 0 %
2026/02/02 03:37:22.660, 1047 MiB, 0 %
2026/02/02 03:37:37.661, 1047 MiB, 0 %
2026/02/02 03:37:52.661, 1047 MiB, 0 %
2026/02/02 03:38:07.661, 1047 MiB, 0 %
2026/02/02 03:38:22.663, 1047 MiB, 0 %
2026/02/02 03:38:37.663, 1047 MiB, 0 %
2026/02/02 03:38:52.664, 1047 MiB, 0 %
2026/02/02 03:39:07.673, 1047 MiB, 0 %
2026/02/02 03:39:22.674, 1047 MiB, 0 %
2026/02/02 03:39:37.674, 1047 MiB, 0 %
2026/02/02 03:39:52.674, 1047 MiB, 0 %
2026/02/02 03:40:07.676, 1047 MiB, 0 %
2026/02/02 03:40:22.677, 1047 MiB, 0 %
2026/02/02 03:40:37.677, 1047 MiB, 0 %
2026/02/02 03:40:52.677, 1047 MiB, 0 %
2026/02/02 03:41:07.678, 1047 MiB, 0 %
2026/02/02 03:41:22.679, 1047 MiB, 0 %
2026/02/02 03:41:37.680, 1047 MiB, 0 %
2026/02/02 03:41:52.680, 1047 MiB, 0 %
2026/02/02 03:42:07.682, 1047 MiB, 0 %
2026/02/02 03:42:22.682, 1047 MiB, 0 %
2026/02/02 03:42:37.682, 1047 MiB, 0 %
2026/02/02 03:42:52.682, 1047 MiB, 0 %
2026/02/02 03:43:07.683, 1047 MiB, 0 %
2026/02/02 03:43:22.683, 1047 MiB, 0 %
2026/02/02 03:43:37.683, 1047 MiB, 0 %
2026/02/02 03:43:52.685, 1047 MiB, 0 %
2026/02/02 03:44:07.685, 1047 MiB, 0 %
2026/02/02 03:44:22.685, 1047 MiB, 0 %
2026/02/02 03:44:37.685, 1047 MiB, 0 %
2026/02/02 03:44:52.686, 1047 MiB, 0 %
2026/02/02 03:45:07.687, 1047 MiB, 0 %
2026/02/02 03:45:22.688, 1047 MiB, 0 %
2026/02/02 03:45:37.689, 1047 MiB, 0 %
2026/02/02 03:45:52.690, 1047 MiB, 0 %
2026/02/02 03:46:07.692, 1047 MiB, 0 %
2026/02/02 03:46:22.692, 1047 MiB, 0 %
2026/02/02 03:46:37.692, 1047 MiB, 0 %
2026/02/02 03:46:52.692, 1047 MiB, 0 %
2026/02/02 03:47:07.693, 1047 MiB, 0 %
2026/02/02 03:47:22.694, 1047 MiB, 0 %
2026/02/02 03:47:37.694, 1047 MiB, 0 %
2026/02/02 03:47:52.695, 1047 MiB, 0 %
2026/02/02 03:48:07.696, 1047 MiB, 0 %
2026/02/02 03:48:22.697, 1047 MiB, 0 %
2026/02/02 03:48:37.698, 1047 MiB, 0 %
2026/02/02 03:48:52.699, 1047 MiB, 0 %
2026/02/02 03:49:07.701, 1047 MiB, 0 %
2026/02/02 03:49:22.702, 1047 MiB, 0 %
2026/02/02 03:49:37.702, 1047 MiB, 0 %
2026/02/02 03:49:52.702, 1047 MiB, 0 %
2026/02/02 03:50:07.703, 1047 MiB, 0 %
2026/02/02 03:50:22.703, 1047 MiB, 0 %
2026/02/02 03:50:37.704, 1047 MiB, 0 %
2026/02/02 03:50:52.705, 1047 MiB, 0 %
2026/02/02 03:51:07.706, 1047 MiB, 0 %
2026/02/02 03:51:22.706, 1047 MiB, 0 %
2026/02/02 03:51:37.706, 1047 MiB, 0 %
2026/02/02 03:51:52.708, 1047 MiB, 0 %
2026/02/02 03:52:07.708, 1047 MiB, 0 %
2026/02/02 03:52:22.709, 1047 MiB, 0 %
2026/02/02 03:52:37.710, 1047 MiB, 0 %
2026/02/02 03:52:52.711, 1047 MiB, 0 %
2026/02/02 03:53:07.711, 1047 MiB, 0 %
2026/02/02 03:53:22.711, 1047 MiB, 0 %
2026/02/02 03:53:37.711, 1047 MiB, 0 %
2026/02/02 03:53:52.713, 1047 MiB, 0 %
2026/02/02 03:54:07.714, 1047 MiB, 0 %
2026/02/02 03:54:22.715, 1047 MiB, 0 %
2026/02/02 03:54:37.716, 1047 MiB, 0 %
2026/02/02 03:54:52.717, 1047 MiB, 0 %
2026/02/02 03:55:07.718, 1047 MiB, 0 %
2026/02/02 03:55:22.719, 1047 MiB, 0 %
2026/02/02 03:55:37.719, 1047 MiB, 0 %
2026/02/02 03:55:52.720, 1047 MiB, 0 %
2026/02/02 03:56:07.721, 1047 MiB, 0 %
2026/02/02 03:56:22.722, 1047 MiB, 0 %
2026/02/02 03:56:37.722, 1047 MiB, 0 %
2026/02/02 03:56:52.723, 1047 MiB, 0 %
2026/02/02 03:57:07.723, 1047 MiB, 0 %
2026/02/02 03:57:22.723, 1047 MiB, 0 %
2026/02/02 03:57:37.724, 1047 MiB, 0 %
2026/02/02 03:57:52.726, 1047 MiB, 0 %
2026/02/02 03:58:07.727, 1047 MiB, 0 %
2026/02/02 03:58:22.728, 1047 MiB, 0 %
2026/02/02 03:58:37.729, 1047 MiB, 0 %
2026/02/02 03:58:52.730, 1047 MiB, 0 %
2026/02/02 03:59:07.731, 1047 MiB, 0 %
2026/02/02 03:59:22.731, 1047 MiB, 0 %
2026/02/02 03:59:37.732, 1047 MiB, 0 %
2026/02/02 03:59:52.734, 1047 MiB, 0 %
2026/02/02 04:00:07.735, 1047 MiB, 0 %
2026/02/02 04:00:22.735, 1047 MiB, 0 %
2026/02/02 04:00:37.735, 1047 MiB, 0 %
2026/02/02 04:00:52.736, 1047 MiB, 0 %
2026/02/02 04:01:07.736, 1047 MiB, 0 %
2026/02/02 04:01:22.736, 1047 MiB, 0 %
2026/02/02 04:01:37.736, 1047 MiB, 0 %
2026/02/02 04:01:52.737, 1047 MiB, 0 %
2026/02/02 04:02:07.737, 1047 MiB, 0 %
2026/02/02 04:02:22.737, 1047 MiB, 0 %
2026/02/02 04:02:37.738, 1047 MiB, 0 %
2026/02/02 04:02:52.739, 1047 MiB, 0 %
2026/02/02 04:03:07.739, 1047 MiB, 0 %
2026/02/02 04:03:22.739, 1047 MiB, 0 %
2026/02/02 04:03:37.740, 1047 MiB, 0 %
2026/02/02 04:03:52.740, 1047 MiB, 0 %
2026/02/02 04:04:07.741, 1047 MiB, 0 %
2026/02/02 04:04:22.742, 1047 MiB, 0 %
2026/02/02 04:04:37.742, 1047 MiB, 0 %
2026/02/02 04:04:52.742, 1047 MiB, 0 %
2026/02/02 04:05:07.742, 1047 MiB, 0 %
2026/02/02 04:05:22.744, 1047 MiB, 0 %
2026/02/02 04:05:37.744, 1047 MiB, 0 %
2026/02/02 04:05:52.744, 1047 MiB, 0 %
2026/02/02 04:06:07.745, 1047 MiB, 0 %
2026/02/02 04:06:22.746, 1047 MiB, 0 %
2026/02/02 04:06:37.747, 1047 MiB, 0 %
2026/02/02 04:06:52.747, 1047 MiB, 0 %
2026/02/02 04:07:07.748, 1047 MiB, 0 %
2026/02/02 04:07:22.749, 1047 MiB, 0 %
2026/02/02 04:07:37.749, 1047 MiB, 0 %
2026/02/02 04:07:52.750, 1047 MiB, 0 %
2026/02/02 04:08:07.750, 1047 MiB, 0 %
2026/02/02 04:08:22.750, 1047 MiB, 0 %
2026/02/02 04:08:37.750, 1047 MiB, 0 %
2026/02/02 04:08:52.752, 1047 MiB, 0 %
2026/02/02 04:09:07.753, 1047 MiB, 0 %
2026/02/02 04:09:22.754, 1047 MiB, 0 %
2026/02/02 04:09:37.755, 1047 MiB, 0 %
2026/02/02 04:09:52.757, 1047 MiB, 0 %
2026/02/02 04:10:07.758, 1047 MiB, 0 %
2026/02/02 04:10:22.759, 1047 MiB, 0 %
2026/02/02 04:10:37.760, 1047 MiB, 0 %
2026/02/02 04:10:52.761, 1047 MiB, 0 %
2026/02/02 04:11:07.762, 1047 MiB, 0 %
2026/02/02 04:11:22.762, 1047 MiB, 0 %
2026/02/02 04:11:37.763, 1047 MiB, 0 %
2026/02/02 04:11:52.763, 1047 MiB, 0 %
2026/02/02 04:12:07.764, 1047 MiB, 0 %
2026/02/02 04:12:22.765, 1047 MiB, 0 %
2026/02/02 04:12:37.765, 1047 MiB, 0 %
2026/02/02 04:12:52.766, 1047 MiB, 0 %
2026/02/02 04:13:07.766, 1047 MiB, 0 %
2026/02/02 04:13:22.767, 1047 MiB, 0 %
2026/02/02 04:13:37.767, 1047 MiB, 0 %
2026/02/02 04:13:52.769, 1047 MiB, 0 %
2026/02/02 04:14:07.769, 1047 MiB, 0 %
2026/02/02 04:14:22.770, 1047 MiB, 0 %
2026/02/02 04:14:37.771, 1047 MiB, 0 %
2026/02/02 04:14:52.772, 1047 MiB, 0 %
2026/02/02 04:15:07.773, 1047 MiB, 0 %
2026/02/02 04:15:22.774, 1047 MiB, 0 %
2026/02/02 04:15:37.776, 1047 MiB, 0 %
2026/02/02 04:15:52.777, 1047 MiB, 0 %
2026/02/02 04:16:07.777, 1047 MiB, 0 %
2026/02/02 04:16:22.778, 1047 MiB, 0 %
2026/02/02 04:16:37.780, 1047 MiB, 0 %
2026/02/02 04:16:52.781, 1047 MiB, 0 %
2026/02/02 04:17:07.782, 1047 MiB, 0 %
2026/02/02 04:17:22.783, 1047 MiB, 0 %
2026/02/02 04:17:37.784, 1047 MiB, 0 %
2026/02/02 04:17:52.784, 1047 MiB, 0 %
2026/02/02 04:18:07.784, 1047 MiB, 0 %
2026/02/02 04:18:22.785, 1047 MiB, 0 %
2026/02/02 04:18:37.787, 1047 MiB, 0 %
2026/02/02 04:18:52.787, 1047 MiB, 0 %
2026/02/02 04:19:07.787, 1047 MiB, 0 %
2026/02/02 04:19:22.788, 1047 MiB, 0 %
2026/02/02 04:19:37.789, 1047 MiB, 0 %
2026/02/02 04:19:52.790, 1047 MiB, 0 %
2026/02/02 04:20:07.791, 1047 MiB, 0 %
2026/02/02 04:20:22.791, 1047 MiB, 0 %
2026/02/02 04:20:37.793, 1047 MiB, 0 %
2026/02/02 04:20:52.793, 1047 MiB, 0 %
2026/02/02 04:21:07.793, 1047 MiB, 0 %
2026/02/02 04:21:22.793, 1047 MiB, 0 %
2026/02/02 04:21:37.794, 1047 MiB, 0 %
2026/02/02 04:21:52.794, 1047 MiB, 0 %
2026/02/02 04:22:07.794, 1047 MiB, 0 %
2026/02/02 04:22:22.795, 1047 MiB, 0 %
2026/02/02 04:22:37.795, 1047 MiB, 0 %
2026/02/02 04:22:52.795, 1047 MiB, 0 %
2026/02/02 04:23:07.796, 1047 MiB, 0 %
2026/02/02 04:23:22.798, 1047 MiB, 0 %
2026/02/02 04:23:37.799, 1047 MiB, 0 %
2026/02/02 04:23:52.800, 1047 MiB, 0 %
2026/02/02 04:24:07.802, 1047 MiB, 0 %
2026/02/02 04:24:22.802, 1047 MiB, 0 %
2026/02/02 04:24:37.803, 1047 MiB, 0 %
2026/02/02 04:24:52.803, 1047 MiB, 0 %
2026/02/02 04:25:07.804, 1047 MiB, 0 %
2026/02/02 04:25:22.805, 1047 MiB, 0 %
2026/02/02 04:25:37.805, 1047 MiB, 0 %
2026/02/02 04:25:52.806, 1047 MiB, 0 %
2026/02/02 04:26:07.808, 1047 MiB, 0 %
2026/02/02 04:26:22.808, 1047 MiB, 0 %
2026/02/02 04:26:37.809, 1047 MiB, 0 %
2026/02/02 04:26:52.809, 1047 MiB, 0 %
2026/02/02 04:27:07.810, 1047 MiB, 0 %
2026/02/02 04:27:22.811, 1047 MiB, 0 %
2026/02/02 04:27:37.811, 1047 MiB, 0 %
2026/02/02 04:27:52.811, 1047 MiB, 0 %
2026/02/02 04:28:07.812, 1047 MiB, 0 %
2026/02/02 04:28:22.813, 1047 MiB, 0 %
2026/02/02 04:28:37.813, 1047 MiB, 0 %
2026/02/02 04:28:52.815, 1047 MiB, 0 %
2026/02/02 04:29:07.816, 1047 MiB, 0 %
2026/02/02 04:29:22.817, 1047 MiB, 0 %
2026/02/02 04:29:37.817, 1047 MiB, 0 %
2026/02/02 04:29:52.818, 1047 MiB, 0 %
2026/02/02 04:30:07.819, 1047 MiB, 0 %
2026/02/02 04:30:22.819, 1047 MiB, 0 %
2026/02/02 04:30:37.819, 1047 MiB, 0 %
2026/02/02 04:30:52.820, 1047 MiB, 0 %
2026/02/02 04:31:07.820, 1047 MiB, 0 %
2026/02/02 04:31:22.820, 1047 MiB, 0 %
2026/02/02 04:31:37.821, 1047 MiB, 0 %
2026/02/02 04:31:52.823, 1047 MiB, 0 %
2026/02/02 04:32:07.823, 1047 MiB, 0 %
2026/02/02 04:32:22.823, 1047 MiB, 0 %
2026/02/02 04:32:37.824, 1047 MiB, 0 %
2026/02/02 04:32:52.824, 1047 MiB, 0 %
2026/02/02 04:33:07.824, 1047 MiB, 0 %
2026/02/02 04:33:22.824, 1047 MiB, 0 %
2026/02/02 04:33:37.826, 1047 MiB, 0 %
2026/02/02 04:33:52.827, 1047 MiB, 0 %
2026/02/02 04:34:07.828, 1047 MiB, 0 %
2026/02/02 04:34:22.829, 1047 MiB, 0 %
2026/02/02 04:34:37.830, 1047 MiB, 0 %
2026/02/02 04:34:52.832, 1047 MiB, 0 %
2026/02/02 04:35:07.833, 1047 MiB, 0 %
2026/02/02 04:35:22.834, 1047 MiB, 0 %
2026/02/02 04:35:37.835, 1047 MiB, 0 %
2026/02/02 04:35:52.836, 1047 MiB, 0 %
2026/02/02 04:36:07.837, 1047 MiB, 0 %
2026/02/02 04:36:22.839, 1047 MiB, 0 %
2026/02/02 04:36:37.840, 1047 MiB, 0 %
2026/02/02 04:36:52.841, 1047 MiB, 0 %
2026/02/02 04:37:07.842, 1047 MiB, 0 %
2026/02/02 04:37:22.843, 1047 MiB, 0 %
2026/02/02 04:37:37.844, 1047 MiB, 0 %
2026/02/02 04:37:52.846, 1047 MiB, 0 %
2026/02/02 04:38:07.847, 1047 MiB, 0 %
2026/02/02 04:38:22.848, 1047 MiB, 0 %
2026/02/02 04:38:37.849, 1047 MiB, 0 %
2026/02/02 04:38:52.850, 1047 MiB, 0 %
2026/02/02 04:39:07.851, 1047 MiB, 0 %
2026/02/02 04:39:22.852, 1047 MiB, 0 %
2026/02/02 04:39:37.854, 1047 MiB, 0 %
2026/02/02 04:39:52.855, 1047 MiB, 0 %
2026/02/02 04:40:07.856, 1047 MiB, 0 %
2026/02/02 04:40:22.858, 1047 MiB, 0 %
2026/02/02 04:40:37.859, 1047 MiB, 0 %
2026/02/02 04:40:52.859, 1047 MiB, 0 %
2026/02/02 04:41:07.860, 1047 MiB, 0 %
2026/02/02 04:41:22.861, 1047 MiB, 0 %
2026/02/02 04:41:37.862, 1047 MiB, 0 %
2026/02/02 04:41:52.863, 1047 MiB, 0 %
2026/02/02 04:42:07.864, 1047 MiB, 0 %
2026/02/02 04:42:22.864, 1047 MiB, 0 %
2026/02/02 04:42:37.864, 1047 MiB, 0 %
2026/02/02 04:42:52.864, 1047 MiB, 0 %
2026/02/02 04:43:07.865, 1047 MiB, 0 %
2026/02/02 04:43:22.865, 1047 MiB, 0 %
2026/02/02 04:43:37.865, 1047 MiB, 0 %
2026/02/02 04:43:52.866, 1047 MiB, 0 %
2026/02/02 04:44:07.867, 1047 MiB, 0 %
2026/02/02 04:44:22.867, 1047 MiB, 0 %
2026/02/02 04:44:37.867, 1047 MiB, 0 %
2026/02/02 04:44:52.867, 1047 MiB, 0 %
2026/02/02 04:45:07.868, 1047 MiB, 0 %
2026/02/02 04:45:22.868, 1047 MiB, 0 %
2026/02/02 04:45:37.869, 1047 MiB, 0 %
2026/02/02 04:45:52.870, 1047 MiB, 0 %
2026/02/02 04:46:07.870, 1047 MiB, 0 %
2026/02/02 04:46:22.870, 1047 MiB, 0 %
2026/02/02 04:46:37.870, 1047 MiB, 0 %
2026/02/02 04:46:52.871, 1047 MiB, 0 %
2026/02/02 04:47:07.872, 1047 MiB, 0 %
2026/02/02 04:47:22.873, 1047 MiB, 0 %
2026/02/02 04:47:37.875, 1047 MiB, 0 %
2026/02/02 04:47:52.875, 1047 MiB, 0 %
2026/02/02 04:48:07.876, 1047 MiB, 0 %
2026/02/02 04:48:22.877, 1047 MiB, 0 %
2026/02/02 04:48:37.879, 1047 MiB, 0 %
2026/02/02 04:48:52.880, 1047 MiB, 0 %
2026/02/02 04:49:07.881, 1047 MiB, 0 %
2026/02/02 04:49:22.882, 1047 MiB, 0 %
2026/02/02 04:49:37.883, 1047 MiB, 0 %
2026/02/02 04:49:52.885, 1047 MiB, 0 %
2026/02/02 04:50:07.886, 1047 MiB, 0 %
2026/02/02 04:50:22.887, 1047 MiB, 0 %
2026/02/02 04:50:37.888, 1047 MiB, 0 %
2026/02/02 04:50:52.889, 1047 MiB, 0 %
2026/02/02 04:51:07.891, 1047 MiB, 0 %
2026/02/02 04:51:22.892, 1047 MiB, 0 %
2026/02/02 04:51:37.894, 1047 MiB, 0 %
2026/02/02 04:51:52.896, 1047 MiB, 0 %
2026/02/02 04:52:07.896, 1047 MiB, 0 %
2026/02/02 04:52:22.896, 1047 MiB, 0 %
2026/02/02 04:52:37.897, 1047 MiB, 0 %
2026/02/02 04:52:52.898, 1047 MiB, 0 %
2026/02/02 04:53:07.900, 1047 MiB, 0 %
2026/02/02 04:53:22.901, 1047 MiB, 0 %
2026/02/02 04:53:37.902, 1047 MiB, 0 %
2026/02/02 04:53:52.903, 1047 MiB, 0 %
2026/02/02 04:54:07.904, 1047 MiB, 0 %
2026/02/02 04:54:22.905, 1047 MiB, 0 %
2026/02/02 04:54:37.906, 1047 MiB, 0 %
2026/02/02 04:54:52.906, 1047 MiB, 0 %
2026/02/02 04:55:07.907, 1047 MiB, 0 %
2026/02/02 04:55:22.909, 1047 MiB, 0 %
2026/02/02 04:55:37.910, 1047 MiB, 0 %
2026/02/02 04:55:52.911, 1047 MiB, 0 %
2026/02/02 04:56:07.912, 1047 MiB, 0 %
2026/02/02 04:56:22.915, 1047 MiB, 0 %
2026/02/02 04:56:37.916, 1047 MiB, 0 %
2026/02/02 04:56:52.917, 1047 MiB, 0 %
2026/02/02 04:57:07.918, 1047 MiB, 0 %
2026/02/02 04:57:22.919, 1047 MiB, 0 %
2026/02/02 04:57:37.920, 1047 MiB, 0 %
2026/02/02 04:57:52.921, 1047 MiB, 0 %
2026/02/02 04:58:07.923, 1047 MiB, 0 %
2026/02/02 04:58:22.924, 1047 MiB, 0 %
2026/02/02 04:58:37.925, 1047 MiB, 0 %
2026/02/02 04:58:52.925, 1047 MiB, 0 %
2026/02/02 04:59:07.927, 1047 MiB, 0 %
2026/02/02 04:59:22.928, 1047 MiB, 0 %
2026/02/02 04:59:37.929, 1047 MiB, 0 %
2026/02/02 04:59:52.930, 1047 MiB, 0 %
2026/02/02 05:00:07.931, 1047 MiB, 0 %
2026/02/02 05:00:22.931, 1047 MiB, 0 %
2026/02/02 05:00:37.932, 1047 MiB, 0 %
2026/02/02 05:00:52.933, 1047 MiB, 0 %
2026/02/02 05:01:07.933, 1047 MiB, 0 %
2026/02/02 05:01:22.934, 1047 MiB, 0 %
2026/02/02 05:01:37.934, 1047 MiB, 0 %
2026/02/02 05:01:52.934, 1047 MiB, 0 %
2026/02/02 05:02:07.935, 1047 MiB, 0 %
2026/02/02 05:02:22.935, 1047 MiB, 0 %
2026/02/02 05:02:37.935, 1047 MiB, 0 %
2026/02/02 05:02:52.936, 1047 MiB, 0 %
2026/02/02 05:03:07.936, 1047 MiB, 0 %
2026/02/02 05:03:22.936, 1047 MiB, 0 %
2026/02/02 05:03:37.936, 1047 MiB, 0 %
2026/02/02 05:03:52.938, 1047 MiB, 0 %
2026/02/02 05:04:07.939, 1047 MiB, 0 %
2026/02/02 05:04:22.940, 1047 MiB, 0 %
2026/02/02 05:04:37.941, 1047 MiB, 0 %
2026/02/02 05:04:52.943, 1047 MiB, 0 %
2026/02/02 05:05:07.943, 1047 MiB, 0 %
2026/02/02 05:05:22.944, 1047 MiB, 0 %
2026/02/02 05:05:37.944, 1047 MiB, 0 %
2026/02/02 05:05:52.945, 1047 MiB, 0 %
2026/02/02 05:06:07.945, 1047 MiB, 0 %
2026/02/02 05:06:22.945, 1047 MiB, 0 %
2026/02/02 05:06:37.947, 1047 MiB, 0 %
2026/02/02 05:06:52.947, 1047 MiB, 0 %
2026/02/02 05:07:07.947, 1047 MiB, 0 %
2026/02/02 05:07:22.948, 1047 MiB, 0 %
2026/02/02 05:07:37.950, 1047 MiB, 0 %
2026/02/02 05:07:52.951, 1047 MiB, 0 %
2026/02/02 05:08:07.952, 1047 MiB, 0 %
2026/02/02 05:08:22.952, 1047 MiB, 0 %
2026/02/02 05:08:37.953, 1047 MiB, 0 %
2026/02/02 05:08:52.955, 1047 MiB, 0 %
2026/02/02 05:09:07.956, 1047 MiB, 0 %
2026/02/02 05:09:22.957, 1047 MiB, 0 %
2026/02/02 05:09:37.957, 1047 MiB, 0 %
2026/02/02 05:09:52.958, 1047 MiB, 0 %
2026/02/02 05:10:07.958, 1047 MiB, 0 %
2026/02/02 05:10:22.958, 1047 MiB, 0 %
2026/02/02 05:10:37.959, 1047 MiB, 0 %
2026/02/02 05:10:52.959, 1047 MiB, 0 %
2026/02/02 05:11:07.960, 1047 MiB, 0 %
2026/02/02 05:11:22.960, 1047 MiB, 0 %
2026/02/02 05:11:37.961, 1047 MiB, 0 %
2026/02/02 05:11:52.962, 1047 MiB, 0 %
2026/02/02 05:12:07.962, 1047 MiB, 0 %
2026/02/02 05:12:22.963, 1047 MiB, 0 %
2026/02/02 05:12:37.964, 1047 MiB, 0 %
2026/02/02 05:12:52.964, 1047 MiB, 0 %
2026/02/02 05:13:07.965, 1047 MiB, 0 %
2026/02/02 05:13:22.966, 1047 MiB, 0 %
2026/02/02 05:13:37.967, 1047 MiB, 0 %
2026/02/02 05:13:52.968, 1047 MiB, 0 %
2026/02/02 05:14:07.969, 1047 MiB, 0 %
2026/02/02 05:14:22.970, 1047 MiB, 0 %
2026/02/02 05:14:37.971, 1047 MiB, 0 %
2026/02/02 05:14:52.972, 1047 MiB, 0 %
2026/02/02 05:15:07.974, 1047 MiB, 0 %
2026/02/02 05:15:22.975, 1047 MiB, 0 %
2026/02/02 05:15:37.976, 1047 MiB, 0 %
2026/02/02 05:15:52.977, 1047 MiB, 0 %
2026/02/02 05:16:07.978, 1047 MiB, 0 %
2026/02/02 05:16:22.980, 1047 MiB, 0 %
2026/02/02 05:16:37.981, 1047 MiB, 0 %
2026/02/02 05:16:52.982, 1047 MiB, 0 %
2026/02/02 05:17:07.983, 1047 MiB, 0 %
2026/02/02 05:17:22.984, 1047 MiB, 0 %
2026/02/02 05:17:37.986, 1047 MiB, 0 %
2026/02/02 05:17:52.987, 1047 MiB, 0 %
2026/02/02 05:18:07.988, 1047 MiB, 0 %
2026/02/02 05:18:22.989, 1047 MiB, 0 %
2026/02/02 05:18:37.990, 1047 MiB, 0 %
2026/02/02 05:18:52.992, 1047 MiB, 0 %
2026/02/02 05:19:07.993, 1047 MiB, 0 %
2026/02/02 05:19:22.994, 1047 MiB, 0 %
2026/02/02 05:19:37.995, 1047 MiB, 0 %
2026/02/02 05:19:52.996, 1047 MiB, 0 %
2026/02/02 05:20:07.998, 1047 MiB, 0 %
2026/02/02 05:20:22.999, 1047 MiB, 0 %
2026/02/02 05:20:38.000, 1047 MiB, 0 %
2026/02/02 05:20:53.001, 1047 MiB, 0 %
2026/02/02 05:21:08.002, 1047 MiB, 0 %
2026/02/02 05:21:23.003, 1047 MiB, 0 %
2026/02/02 05:21:38.005, 1047 MiB, 0 %
2026/02/02 05:21:53.006, 1047 MiB, 0 %
2026/02/02 05:22:08.007, 1047 MiB, 0 %
2026/02/02 05:22:23.008, 1047 MiB, 0 %
2026/02/02 05:22:38.009, 1047 MiB, 0 %
2026/02/02 05:22:53.010, 1047 MiB, 0 %
2026/02/02 05:23:08.012, 1047 MiB, 0 %
2026/02/02 05:23:23.012, 1047 MiB, 0 %
2026/02/02 05:23:38.013, 1047 MiB, 0 %
2026/02/02 05:23:53.014, 1047 MiB, 0 %
2026/02/02 05:24:08.015, 1047 MiB, 0 %
2026/02/02 05:24:23.017, 1047 MiB, 0 %
2026/02/02 05:24:38.018, 1047 MiB, 0 %
2026/02/02 05:24:53.018, 1047 MiB, 0 %
2026/02/02 05:25:08.018, 1047 MiB, 0 %
2026/02/02 05:25:23.020, 1047 MiB, 0 %
2026/02/02 05:25:38.021, 1047 MiB, 0 %
2026/02/02 05:25:53.022, 1047 MiB, 0 %
2026/02/02 05:26:08.023, 1047 MiB, 0 %
2026/02/02 05:26:23.025, 1047 MiB, 0 %
2026/02/02 05:26:38.026, 1047 MiB, 0 %
2026/02/02 05:26:53.027, 1047 MiB, 0 %
2026/02/02 05:27:08.028, 1047 MiB, 0 %
2026/02/02 05:27:23.029, 1047 MiB, 0 %
2026/02/02 05:27:38.031, 1047 MiB, 0 %
2026/02/02 05:27:53.032, 1047 MiB, 0 %
2026/02/02 05:28:08.033, 1047 MiB, 0 %
2026/02/02 05:28:23.033, 1047 MiB, 0 %
2026/02/02 05:28:38.035, 1047 MiB, 0 %
2026/02/02 05:28:53.036, 1047 MiB, 0 %
2026/02/02 05:29:08.036, 1047 MiB, 0 %
2026/02/02 05:29:23.036, 1047 MiB, 0 %
2026/02/02 05:29:38.038, 1047 MiB, 0 %
2026/02/02 05:29:53.038, 1047 MiB, 0 %
2026/02/02 05:30:08.038, 1047 MiB, 0 %
2026/02/02 05:30:23.039, 1047 MiB, 0 %
2026/02/02 05:30:38.040, 1047 MiB, 0 %
2026/02/02 05:30:53.040, 1047 MiB, 0 %
2026/02/02 05:31:08.041, 1047 MiB, 0 %
2026/02/02 05:31:23.042, 1047 MiB, 0 %
2026/02/02 05:31:38.043, 1047 MiB, 0 %
2026/02/02 05:31:53.043, 1047 MiB, 0 %
2026/02/02 05:32:08.043, 1047 MiB, 0 %
2026/02/02 05:32:23.044, 1047 MiB, 0 %
2026/02/02 05:32:38.044, 1047 MiB, 0 %
2026/02/02 05:32:53.045, 1047 MiB, 0 %
2026/02/02 05:33:08.045, 1047 MiB, 0 %
2026/02/02 05:33:23.046, 1047 MiB, 0 %
2026/02/02 05:33:38.047, 1047 MiB, 0 %
2026/02/02 05:33:53.047, 1047 MiB, 0 %
2026/02/02 05:34:08.047, 1047 MiB, 0 %
2026/02/02 05:34:23.048, 1047 MiB, 0 %
2026/02/02 05:34:38.049, 1047 MiB, 0 %
2026/02/02 05:34:53.050, 1047 MiB, 0 %
2026/02/02 05:35:08.051, 1047 MiB, 0 %
2026/02/02 05:35:23.053, 1047 MiB, 0 %
2026/02/02 05:35:38.054, 1047 MiB, 0 %
2026/02/02 05:35:53.055, 1047 MiB, 0 %
2026/02/02 05:36:08.056, 1047 MiB, 0 %
2026/02/02 05:36:23.057, 1047 MiB, 0 %
2026/02/02 05:36:38.059, 1047 MiB, 0 %
2026/02/02 05:36:53.059, 1047 MiB, 0 %
2026/02/02 05:37:08.059, 1047 MiB, 0 %
2026/02/02 05:37:23.059, 1047 MiB, 0 %
2026/02/02 05:37:38.061, 1047 MiB, 0 %
2026/02/02 05:37:53.062, 1047 MiB, 0 %
2026/02/02 05:38:08.062, 1047 MiB, 0 %
2026/02/02 05:38:23.063, 1047 MiB, 0 %
2026/02/02 05:38:38.065, 1047 MiB, 0 %
2026/02/02 05:38:53.066, 1047 MiB, 0 %
2026/02/02 05:39:08.066, 1047 MiB, 0 %
2026/02/02 05:39:23.067, 1047 MiB, 0 %
2026/02/02 05:39:38.068, 1047 MiB, 0 %
2026/02/02 05:39:53.070, 1047 MiB, 0 %
2026/02/02 05:40:08.071, 1047 MiB, 0 %
2026/02/02 05:40:23.072, 1047 MiB, 0 %
2026/02/02 05:40:38.073, 1047 MiB, 0 %
2026/02/02 05:40:53.075, 1047 MiB, 0 %
2026/02/02 05:41:08.076, 1047 MiB, 0 %
2026/02/02 05:41:23.077, 1047 MiB, 0 %
2026/02/02 05:41:38.078, 1047 MiB, 0 %
2026/02/02 05:41:53.079, 1047 MiB, 0 %
2026/02/02 05:42:08.081, 1047 MiB, 0 %
2026/02/02 05:42:23.082, 1047 MiB, 0 %
2026/02/02 05:42:38.083, 1047 MiB, 0 %
2026/02/02 05:42:53.084, 1047 MiB, 0 %
2026/02/02 05:43:08.085, 1047 MiB, 0 %
2026/02/02 05:43:23.087, 1047 MiB, 0 %
2026/02/02 05:43:38.088, 1047 MiB, 0 %
2026/02/02 05:43:53.088, 1047 MiB, 0 %
2026/02/02 05:44:08.088, 1047 MiB, 0 %
2026/02/02 05:44:23.089, 1047 MiB, 0 %
2026/02/02 05:44:38.089, 1047 MiB, 0 %
2026/02/02 05:44:53.089, 1047 MiB, 0 %
2026/02/02 05:45:08.089, 1047 MiB, 0 %
2026/02/02 05:45:23.091, 1047 MiB, 0 %
2026/02/02 05:45:38.092, 1047 MiB, 0 %
2026/02/02 05:45:53.093, 1047 MiB, 0 %
2026/02/02 05:46:08.094, 1047 MiB, 0 %
2026/02/02 05:46:23.096, 1047 MiB, 0 %
2026/02/02 05:46:38.097, 1047 MiB, 0 %
2026/02/02 05:46:53.097, 1047 MiB, 0 %
2026/02/02 05:47:08.097, 1047 MiB, 0 %
2026/02/02 05:47:23.098, 1047 MiB, 0 %
2026/02/02 05:47:38.099, 1047 MiB, 0 %
2026/02/02 05:47:53.100, 1047 MiB, 0 %
2026/02/02 05:48:08.100, 1047 MiB, 0 %
2026/02/02 05:48:23.102, 1047 MiB, 0 %
2026/02/02 05:48:38.102, 1047 MiB, 0 %
2026/02/02 05:48:53.102, 1047 MiB, 0 %
2026/02/02 05:49:08.103, 1047 MiB, 0 %
2026/02/02 05:49:23.104, 1047 MiB, 0 %
2026/02/02 05:49:38.106, 1047 MiB, 0 %
2026/02/02 05:49:53.107, 1047 MiB, 0 %
2026/02/02 05:50:08.108, 1047 MiB, 0 %
2026/02/02 05:50:23.108, 1047 MiB, 0 %
2026/02/02 05:50:38.109, 1047 MiB, 0 %
2026/02/02 05:50:53.109, 1047 MiB, 0 %
2026/02/02 05:51:08.110, 1047 MiB, 0 %
2026/02/02 05:51:23.111, 1047 MiB, 0 %
2026/02/02 05:51:38.112, 1047 MiB, 0 %
2026/02/02 05:51:53.114, 1047 MiB, 0 %
2026/02/02 05:52:08.114, 1047 MiB, 0 %
2026/02/02 05:52:23.115, 1047 MiB, 0 %
2026/02/02 05:52:38.116, 1047 MiB, 0 %
2026/02/02 05:52:53.117, 1047 MiB, 0 %
2026/02/02 05:53:08.118, 1047 MiB, 0 %
2026/02/02 05:53:23.119, 1047 MiB, 0 %
2026/02/02 05:53:38.120, 1047 MiB, 0 %
2026/02/02 05:53:53.122, 1047 MiB, 0 %
2026/02/02 05:54:08.122, 1047 MiB, 0 %
2026/02/02 05:54:23.122, 1047 MiB, 0 %
2026/02/02 05:54:38.123, 1047 MiB, 0 %
2026/02/02 05:54:53.125, 1047 MiB, 0 %
2026/02/02 05:55:08.125, 1047 MiB, 0 %
2026/02/02 05:55:23.125, 1047 MiB, 0 %
2026/02/02 05:55:38.126, 1047 MiB, 0 %
2026/02/02 05:55:53.128, 1047 MiB, 0 %
2026/02/02 05:56:08.128, 1047 MiB, 0 %
2026/02/02 05:56:23.129, 1047 MiB, 0 %
2026/02/02 05:56:38.130, 1047 MiB, 0 %
2026/02/02 05:56:53.131, 1047 MiB, 0 %
2026/02/02 05:57:08.132, 1047 MiB, 0 %
2026/02/02 05:57:23.132, 1047 MiB, 0 %
2026/02/02 05:57:38.132, 1047 MiB, 0 %
2026/02/02 05:57:53.134, 1047 MiB, 0 %
2026/02/02 05:58:08.134, 1047 MiB, 0 %
2026/02/02 05:58:23.134, 1047 MiB, 0 %
2026/02/02 05:58:38.135, 1047 MiB, 0 %
2026/02/02 05:58:53.136, 1047 MiB, 0 %
2026/02/02 05:59:08.137, 1047 MiB, 0 %
2026/02/02 05:59:23.138, 1047 MiB, 0 %
2026/02/02 05:59:38.138, 1047 MiB, 0 %
2026/02/02 05:59:53.139, 1047 MiB, 0 %
2026/02/02 06:00:08.140, 1047 MiB, 0 %
2026/02/02 06:00:23.140, 1047 MiB, 0 %
2026/02/02 06:00:38.141, 1047 MiB, 0 %
2026/02/02 06:00:53.142, 1047 MiB, 0 %
2026/02/02 06:01:08.144, 1047 MiB, 0 %
2026/02/02 06:01:23.144, 1047 MiB, 0 %
2026/02/02 06:01:38.145, 1047 MiB, 0 %
2026/02/02 06:01:53.146, 1047 MiB, 0 %
2026/02/02 06:02:08.147, 1047 MiB, 0 %
2026/02/02 06:02:23.147, 1047 MiB, 0 %
2026/02/02 06:02:38.148, 1047 MiB, 0 %
2026/02/02 06:02:53.150, 1047 MiB, 0 %
2026/02/02 06:03:08.151, 1047 MiB, 0 %
2026/02/02 06:03:23.152, 1047 MiB, 0 %
2026/02/02 06:03:38.153, 1047 MiB, 0 %
2026/02/02 06:03:53.153, 1047 MiB, 0 %
2026/02/02 06:04:08.154, 1047 MiB, 0 %
2026/02/02 06:04:23.154, 1047 MiB, 0 %
2026/02/02 06:04:38.154, 1047 MiB, 0 %
2026/02/02 06:04:53.155, 1047 MiB, 0 %
2026/02/02 06:05:08.156, 1047 MiB, 0 %
2026/02/02 06:05:23.157, 1047 MiB, 0 %
2026/02/02 06:05:38.158, 1047 MiB, 0 %
2026/02/02 06:05:53.159, 1047 MiB, 0 %
2026/02/02 06:06:08.159, 1047 MiB, 0 %
2026/02/02 06:06:23.159, 1047 MiB, 0 %
2026/02/02 06:06:38.160, 1047 MiB, 0 %
2026/02/02 06:06:53.161, 1047 MiB, 0 %
2026/02/02 06:07:08.162, 1047 MiB, 0 %
2026/02/02 06:07:23.162, 1047 MiB, 0 %
2026/02/02 06:07:38.162, 1047 MiB, 0 %
2026/02/02 06:07:53.163, 1047 MiB, 0 %
2026/02/02 06:08:08.165, 1047 MiB, 0 %
2026/02/02 06:08:23.166, 1047 MiB, 0 %
2026/02/02 06:08:38.168, 1047 MiB, 0 %
2026/02/02 06:08:53.169, 1047 MiB, 0 %
2026/02/02 06:09:08.170, 1047 MiB, 0 %
2026/02/02 06:09:23.171, 1047 MiB, 0 %
2026/02/02 06:09:38.173, 1047 MiB, 0 %
2026/02/02 06:09:53.174, 1047 MiB, 0 %
2026/02/02 06:10:08.176, 1047 MiB, 0 %
2026/02/02 06:10:23.176, 1047 MiB, 0 %
2026/02/02 06:10:38.177, 1047 MiB, 0 %
2026/02/02 06:10:53.178, 1047 MiB, 0 %
2026/02/02 06:11:08.179, 1047 MiB, 0 %
2026/02/02 06:11:23.180, 1047 MiB, 0 %
2026/02/02 06:11:38.181, 1047 MiB, 0 %
2026/02/02 06:11:53.182, 1047 MiB, 0 %
2026/02/02 06:12:08.183, 1047 MiB, 0 %
2026/02/02 06:12:23.183, 1047 MiB, 0 %
2026/02/02 06:12:38.184, 1047 MiB, 0 %
2026/02/02 06:12:53.185, 1047 MiB, 0 %
2026/02/02 06:13:08.186, 1047 MiB, 0 %
2026/02/02 06:13:23.187, 1047 MiB, 0 %
2026/02/02 06:13:38.187, 1047 MiB, 0 %
2026/02/02 06:13:53.188, 1047 MiB, 0 %
2026/02/02 06:14:08.189, 1047 MiB, 0 %
2026/02/02 06:14:23.190, 1047 MiB, 0 %
2026/02/02 06:14:38.191, 1047 MiB, 0 %
2026/02/02 06:14:53.191, 1047 MiB, 0 %
2026/02/02 06:15:08.192, 1047 MiB, 0 %
2026/02/02 06:15:23.194, 1047 MiB, 0 %
2026/02/02 06:15:38.195, 1047 MiB, 0 %
2026/02/02 06:15:53.196, 1047 MiB, 0 %
2026/02/02 06:16:08.197, 1047 MiB, 0 %
2026/02/02 06:16:23.199, 1047 MiB, 0 %
2026/02/02 06:16:38.200, 1047 MiB, 0 %
2026/02/02 06:16:53.201, 1047 MiB, 0 %
2026/02/02 06:17:08.202, 1047 MiB, 0 %
2026/02/02 06:17:23.203, 1047 MiB, 0 %
2026/02/02 06:17:38.205, 1047 MiB, 0 %
2026/02/02 06:17:53.206, 1047 MiB, 0 %
2026/02/02 06:18:08.207, 1047 MiB, 0 %
2026/02/02 06:18:23.208, 1047 MiB, 0 %
2026/02/02 06:18:38.265, 1047 MiB, 0 %
2026/02/02 06:18:53.266, 1047 MiB, 0 %
2026/02/02 06:19:08.267, 1047 MiB, 0 %
2026/02/02 06:19:23.268, 1047 MiB, 0 %
2026/02/02 06:19:38.269, 1047 MiB, 0 %
2026/02/02 06:19:53.270, 1047 MiB, 0 %
2026/02/02 06:20:08.270, 1047 MiB, 0 %
2026/02/02 06:20:23.271, 1047 MiB, 0 %
2026/02/02 06:20:38.272, 1047 MiB, 0 %
2026/02/02 06:20:53.273, 1047 MiB, 0 %
2026/02/02 06:21:08.275, 1047 MiB, 0 %
2026/02/02 06:21:23.276, 1047 MiB, 0 %
2026/02/02 06:21:38.277, 1047 MiB, 0 %
2026/02/02 06:21:53.278, 1047 MiB, 0 %
2026/02/02 06:22:08.279, 1047 MiB, 0 %
2026/02/02 06:22:23.280, 1047 MiB, 0 %
2026/02/02 06:22:38.281, 1047 MiB, 0 %
2026/02/02 06:22:53.282, 1047 MiB, 0 %
2026/02/02 06:23:08.283, 1047 MiB, 0 %
2026/02/02 06:23:23.285, 1047 MiB, 0 %
2026/02/02 06:23:38.286, 1047 MiB, 0 %
2026/02/02 06:23:53.287, 1047 MiB, 0 %
2026/02/02 06:24:08.287, 1047 MiB, 0 %
2026/02/02 06:24:23.288, 1047 MiB, 0 %
2026/02/02 06:24:38.289, 1047 MiB, 0 %
2026/02/02 06:24:53.290, 1047 MiB, 0 %
2026/02/02 06:25:08.291, 1047 MiB, 0 %
2026/02/02 06:25:23.292, 1047 MiB, 0 %
2026/02/02 06:25:38.293, 1047 MiB, 0 %
2026/02/02 06:25:53.294, 1047 MiB, 0 %
2026/02/02 06:26:08.295, 1047 MiB, 0 %
2026/02/02 06:26:23.296, 1047 MiB, 0 %
2026/02/02 06:26:38.298, 1047 MiB, 0 %
2026/02/02 06:26:53.299, 1047 MiB, 0 %
2026/02/02 06:27:08.299, 1047 MiB, 0 %
2026/02/02 06:27:23.300, 1047 MiB, 0 %
2026/02/02 06:27:38.302, 1047 MiB, 0 %
2026/02/02 06:27:53.303, 1047 MiB, 0 %
2026/02/02 06:28:08.304, 1047 MiB, 0 %
2026/02/02 06:28:23.305, 1047 MiB, 0 %
2026/02/02 06:28:38.307, 1047 MiB, 0 %
2026/02/02 06:28:53.307, 1047 MiB, 0 %
2026/02/02 06:29:08.308, 1047 MiB, 0 %
2026/02/02 06:29:23.308, 1047 MiB, 0 %
2026/02/02 06:29:38.309, 1047 MiB, 0 %
2026/02/02 06:29:53.309, 1047 MiB, 0 %
2026/02/02 06:30:08.310, 1047 MiB, 0 %
2026/02/02 06:30:23.311, 1047 MiB, 0 %
2026/02/02 06:30:38.312, 1047 MiB, 0 %
2026/02/02 06:30:53.314, 1047 MiB, 0 %
2026/02/02 06:31:08.315, 1047 MiB, 0 %
2026/02/02 06:31:23.316, 1047 MiB, 0 %
2026/02/02 06:31:38.317, 1047 MiB, 0 %
2026/02/02 06:31:53.319, 1047 MiB, 0 %
2026/02/02 06:32:08.320, 1047 MiB, 0 %
2026/02/02 06:32:23.321, 1047 MiB, 0 %
2026/02/02 06:32:38.322, 1047 MiB, 0 %
2026/02/02 06:32:53.323, 1047 MiB, 0 %
2026/02/02 06:33:08.325, 1047 MiB, 0 %
2026/02/02 06:33:23.326, 1047 MiB, 0 %
2026/02/02 06:33:38.327, 1047 MiB, 0 %
2026/02/02 06:33:53.328, 1047 MiB, 0 %
2026/02/02 06:34:08.329, 1047 MiB, 0 %
2026/02/02 06:34:23.331, 1047 MiB, 0 %
2026/02/02 06:34:38.332, 1047 MiB, 0 %
2026/02/02 06:34:53.333, 1047 MiB, 0 %
2026/02/02 06:35:08.334, 1047 MiB, 0 %
2026/02/02 06:35:23.336, 1047 MiB, 0 %
2026/02/02 06:35:38.337, 1047 MiB, 0 %
2026/02/02 06:35:53.338, 1047 MiB, 0 %
2026/02/02 06:36:08.338, 1047 MiB, 0 %
2026/02/02 06:36:23.340, 1047 MiB, 0 %
2026/02/02 06:36:38.341, 1047 MiB, 0 %
2026/02/02 06:36:53.342, 1047 MiB, 0 %
2026/02/02 06:37:08.343, 1047 MiB, 0 %
2026/02/02 06:37:23.345, 1047 MiB, 0 %
2026/02/02 06:37:38.346, 1047 MiB, 0 %
2026/02/02 06:37:53.347, 1047 MiB, 0 %
2026/02/02 06:38:08.348, 1047 MiB, 0 %
2026/02/02 06:38:23.349, 1047 MiB, 0 %
2026/02/02 06:38:38.351, 1047 MiB, 0 %
2026/02/02 06:38:53.352, 1047 MiB, 0 %
2026/02/02 06:39:08.353, 1047 MiB, 0 %
2026/02/02 06:39:23.354, 1047 MiB, 0 %
2026/02/02 06:39:38.356, 1047 MiB, 0 %
2026/02/02 06:39:53.357, 1047 MiB, 0 %
2026/02/02 06:40:08.358, 1047 MiB, 0 %
2026/02/02 06:40:23.359, 1047 MiB, 0 %
2026/02/02 06:40:38.361, 1047 MiB, 0 %
2026/02/02 06:40:53.362, 1047 MiB, 0 %
2026/02/02 06:41:08.363, 1047 MiB, 0 %
2026/02/02 06:41:23.363, 1047 MiB, 0 %
2026/02/02 06:41:38.364, 1047 MiB, 0 %
2026/02/02 06:41:53.366, 1047 MiB, 0 %
2026/02/02 06:42:08.367, 1047 MiB, 0 %
2026/02/02 06:42:23.368, 1047 MiB, 0 %
2026/02/02 06:42:38.369, 1047 MiB, 0 %
2026/02/02 06:42:53.371, 1047 MiB, 0 %
2026/02/02 06:43:08.372, 1047 MiB, 0 %
2026/02/02 06:43:23.373, 1047 MiB, 0 %
2026/02/02 06:43:38.374, 1047 MiB, 0 %
2026/02/02 06:43:53.375, 1047 MiB, 0 %
2026/02/02 06:44:08.376, 1047 MiB, 0 %
2026/02/02 06:44:23.377, 1047 MiB, 0 %
2026/02/02 06:44:38.378, 1047 MiB, 0 %
2026/02/02 06:44:53.379, 1047 MiB, 0 %
2026/02/02 06:45:08.380, 1047 MiB, 0 %
2026/02/02 06:45:23.380, 1047 MiB, 0 %
2026/02/02 06:45:38.380, 1047 MiB, 0 %
2026/02/02 06:45:53.382, 1047 MiB, 0 %
2026/02/02 06:46:08.382, 1047 MiB, 0 %
2026/02/02 06:46:23.383, 1047 MiB, 0 %
2026/02/02 06:46:38.384, 1047 MiB, 0 %
2026/02/02 06:46:53.385, 1047 MiB, 0 %
2026/02/02 06:47:08.386, 1047 MiB, 0 %
2026/02/02 06:47:23.387, 1047 MiB, 0 %
2026/02/02 06:47:38.388, 1047 MiB, 0 %
2026/02/02 06:47:53.389, 1047 MiB, 0 %
2026/02/02 06:48:08.391, 1047 MiB, 0 %
2026/02/02 06:48:23.392, 1047 MiB, 0 %
2026/02/02 06:48:38.392, 1047 MiB, 0 %
2026/02/02 06:48:53.393, 1047 MiB, 0 %
2026/02/02 06:49:08.394, 1047 MiB, 0 %
2026/02/02 06:49:23.395, 1047 MiB, 0 %
2026/02/02 06:49:38.395, 1047 MiB, 0 %
2026/02/02 06:49:53.395, 1047 MiB, 0 %
2026/02/02 06:50:08.397, 1047 MiB, 0 %
2026/02/02 06:50:23.398, 1047 MiB, 0 %
2026/02/02 06:50:38.399, 1047 MiB, 0 %
2026/02/02 06:50:53.400, 1047 MiB, 0 %
2026/02/02 06:51:08.401, 1047 MiB, 0 %
2026/02/02 06:51:23.402, 1047 MiB, 0 %
2026/02/02 06:51:38.403, 1047 MiB, 0 %
2026/02/02 06:51:53.404, 1047 MiB, 0 %
2026/02/02 06:52:08.405, 1047 MiB, 0 %
2026/02/02 06:52:23.407, 1047 MiB, 0 %
2026/02/02 06:52:38.408, 1047 MiB, 0 %
2026/02/02 06:52:53.409, 1047 MiB, 0 %
2026/02/02 06:53:08.410, 1047 MiB, 0 %
2026/02/02 06:53:23.412, 1047 MiB, 0 %
2026/02/02 06:53:38.415, 1047 MiB, 0 %
2026/02/02 06:53:53.415, 1047 MiB, 0 %
2026/02/02 06:54:08.416, 1047 MiB, 0 %
2026/02/02 06:54:23.417, 1047 MiB, 0 %
2026/02/02 06:54:38.418, 1047 MiB, 0 %
2026/02/02 06:54:53.419, 1047 MiB, 0 %
2026/02/02 06:55:08.419, 1047 MiB, 0 %
2026/02/02 06:55:23.420, 1047 MiB, 0 %
2026/02/02 06:55:38.422, 1047 MiB, 0 %
2026/02/02 06:55:53.423, 1047 MiB, 0 %
2026/02/02 06:56:08.423, 1047 MiB, 0 %
2026/02/02 06:56:23.424, 1047 MiB, 0 %
2026/02/02 06:56:38.425, 1047 MiB, 0 %
2026/02/02 06:56:53.427, 1047 MiB, 0 %
2026/02/02 06:57:08.427, 1047 MiB, 0 %
2026/02/02 06:57:23.428, 1047 MiB, 0 %
2026/02/02 06:57:38.428, 1047 MiB, 0 %
2026/02/02 06:57:53.430, 1047 MiB, 0 %
2026/02/02 06:58:08.430, 1047 MiB, 0 %
2026/02/02 06:58:23.430, 1047 MiB, 0 %
2026/02/02 06:58:38.435, 1047 MiB, 0 %
2026/02/02 06:58:53.436, 1047 MiB, 0 %
2026/02/02 06:59:08.438, 1047 MiB, 0 %
2026/02/02 06:59:23.439, 1047 MiB, 0 %
2026/02/02 06:59:38.440, 1047 MiB, 0 %
2026/02/02 06:59:53.441, 1047 MiB, 0 %
2026/02/02 07:00:08.444, 1047 MiB, 0 %
2026/02/02 07:00:23.445, 1047 MiB, 0 %
2026/02/02 07:00:38.446, 1047 MiB, 0 %
2026/02/02 07:00:53.448, 1047 MiB, 0 %
2026/02/02 07:01:08.450, 1047 MiB, 0 %
2026/02/02 07:01:23.452, 1047 MiB, 0 %
2026/02/02 07:01:38.454, 1047 MiB, 0 %
2026/02/02 07:01:53.456, 1047 MiB, 0 %
2026/02/02 07:02:08.457, 1047 MiB, 0 %
2026/02/02 07:02:23.458, 1047 MiB, 0 %
2026/02/02 07:02:38.459, 1047 MiB, 0 %
2026/02/02 07:02:53.460, 1047 MiB, 0 %
2026/02/02 07:03:08.462, 1047 MiB, 0 %
2026/02/02 07:03:23.463, 1047 MiB, 0 %
2026/02/02 07:03:38.464, 1047 MiB, 0 %
2026/02/02 07:03:53.465, 1047 MiB, 0 %
2026/02/02 07:04:08.466, 1047 MiB, 0 %
2026/02/02 07:04:23.467, 1047 MiB, 0 %
2026/02/02 07:04:38.469, 1047 MiB, 0 %
2026/02/02 07:04:53.470, 1047 MiB, 0 %
2026/02/02 07:05:08.471, 1047 MiB, 0 %
2026/02/02 07:05:23.472, 1047 MiB, 0 %
2026/02/02 07:05:38.473, 1047 MiB, 0 %
2026/02/02 07:05:53.475, 1047 MiB, 0 %
2026/02/02 07:06:08.475, 1047 MiB, 0 %
2026/02/02 07:06:23.476, 1047 MiB, 0 %
2026/02/02 07:06:38.477, 1047 MiB, 0 %
2026/02/02 07:06:53.479, 1047 MiB, 0 %
2026/02/02 07:07:08.480, 1047 MiB, 0 %
2026/02/02 07:07:23.481, 1047 MiB, 0 %
2026/02/02 07:07:38.482, 1047 MiB, 0 %
2026/02/02 07:07:53.483, 1047 MiB, 0 %
2026/02/02 07:08:08.485, 1047 MiB, 0 %
2026/02/02 07:08:23.486, 1047 MiB, 0 %
2026/02/02 07:08:38.487, 1047 MiB, 0 %
2026/02/02 07:08:53.487, 1047 MiB, 0 %
2026/02/02 07:09:08.488, 1047 MiB, 0 %
2026/02/02 07:09:23.490, 1047 MiB, 0 %
2026/02/02 07:09:38.491, 1047 MiB, 0 %
2026/02/02 07:09:53.492, 1047 MiB, 0 %
2026/02/02 07:10:08.493, 1047 MiB, 0 %
2026/02/02 07:10:23.493, 1047 MiB, 0 %
2026/02/02 07:10:38.495, 1047 MiB, 0 %
2026/02/02 07:10:53.496, 1047 MiB, 0 %
2026/02/02 07:11:08.497, 1047 MiB, 0 %
2026/02/02 07:11:23.497, 1047 MiB, 0 %
2026/02/02 07:11:38.499, 1047 MiB, 0 %
2026/02/02 07:11:53.500, 1047 MiB, 0 %
2026/02/02 07:12:08.501, 1047 MiB, 0 %
2026/02/02 07:12:23.502, 1047 MiB, 0 %
2026/02/02 07:12:38.504, 1047 MiB, 0 %
2026/02/02 07:12:53.505, 1047 MiB, 0 %
2026/02/02 07:13:08.506, 1047 MiB, 0 %
2026/02/02 07:13:23.507, 1047 MiB, 0 %
2026/02/02 07:13:38.508, 1047 MiB, 0 %
2026/02/02 07:13:53.509, 1047 MiB, 0 %
2026/02/02 07:14:08.510, 1047 MiB, 0 %
2026/02/02 07:14:23.512, 1047 MiB, 0 %
2026/02/02 07:14:38.513, 1047 MiB, 0 %
2026/02/02 07:14:53.514, 1047 MiB, 0 %
2026/02/02 07:15:08.515, 1047 MiB, 0 %
2026/02/02 07:15:23.516, 1047 MiB, 0 %
2026/02/02 07:15:38.517, 1047 MiB, 0 %
2026/02/02 07:15:53.519, 1047 MiB, 0 %
2026/02/02 07:16:08.520, 1047 MiB, 0 %
2026/02/02 07:16:23.521, 1047 MiB, 0 %
2026/02/02 07:16:38.522, 1047 MiB, 0 %
2026/02/02 07:16:53.523, 1047 MiB, 0 %
2026/02/02 07:17:08.524, 1047 MiB, 0 %
2026/02/02 07:17:23.526, 1047 MiB, 0 %
2026/02/02 07:17:38.527, 1047 MiB, 0 %
2026/02/02 07:17:53.528, 1047 MiB, 0 %
2026/02/02 07:18:08.529, 1047 MiB, 0 %
2026/02/02 07:18:23.530, 1047 MiB, 0 %
2026/02/02 07:18:38.531, 1047 MiB, 0 %
2026/02/02 07:18:53.532, 1047 MiB, 0 %
2026/02/02 07:19:08.534, 1047 MiB, 0 %
2026/02/02 07:19:23.535, 1047 MiB, 0 %
2026/02/02 07:19:38.536, 1047 MiB, 0 %
2026/02/02 07:19:53.537, 1047 MiB, 0 %
2026/02/02 07:20:08.538, 1047 MiB, 0 %
2026/02/02 07:20:23.539, 1047 MiB, 0 %
2026/02/02 07:20:38.540, 1047 MiB, 0 %
2026/02/02 07:20:53.542, 1047 MiB, 0 %
2026/02/02 07:21:08.543, 1047 MiB, 0 %
2026/02/02 07:21:23.544, 1047 MiB, 0 %
2026/02/02 07:21:38.545, 1047 MiB, 0 %
2026/02/02 07:21:53.546, 1047 MiB, 0 %
2026/02/02 07:22:08.547, 1047 MiB, 0 %
2026/02/02 07:22:23.549, 1047 MiB, 0 %
2026/02/02 07:22:38.551, 1047 MiB, 0 %
2026/02/02 07:22:53.552, 1047 MiB, 0 %
2026/02/02 07:23:08.553, 1047 MiB, 0 %
2026/02/02 07:23:23.554, 1047 MiB, 0 %
2026/02/02 07:23:38.557, 1047 MiB, 0 %
2026/02/02 07:23:53.558, 1047 MiB, 0 %
2026/02/02 07:24:08.559, 1047 MiB, 0 %
2026/02/02 07:24:23.560, 1047 MiB, 0 %
2026/02/02 07:24:38.561, 1047 MiB, 0 %
2026/02/02 07:24:53.562, 1047 MiB, 0 %
2026/02/02 07:25:08.563, 1047 MiB, 0 %
2026/02/02 07:25:23.565, 1047 MiB, 0 %
2026/02/02 07:25:38.566, 1047 MiB, 0 %
2026/02/02 07:25:53.567, 1047 MiB, 0 %
2026/02/02 07:26:08.568, 1047 MiB, 0 %
2026/02/02 07:26:23.569, 1047 MiB, 0 %
2026/02/02 07:26:38.570, 1047 MiB, 0 %
2026/02/02 07:26:53.571, 1047 MiB, 0 %
2026/02/02 07:27:08.573, 1047 MiB, 0 %
2026/02/02 07:27:23.574, 1047 MiB, 0 %
2026/02/02 07:27:38.575, 1047 MiB, 0 %
2026/02/02 07:27:53.577, 1047 MiB, 0 %
2026/02/02 07:28:08.578, 1047 MiB, 0 %
2026/02/02 07:28:23.579, 1047 MiB, 0 %
2026/02/02 07:28:38.581, 1047 MiB, 0 %
2026/02/02 07:28:53.582, 1047 MiB, 0 %
2026/02/02 07:29:08.583, 1047 MiB, 0 %
2026/02/02 07:29:23.584, 1047 MiB, 0 %
2026/02/02 07:29:38.585, 1047 MiB, 0 %
2026/02/02 07:29:53.586, 1047 MiB, 0 %
2026/02/02 07:30:08.587, 1047 MiB, 0 %
2026/02/02 07:30:23.589, 1047 MiB, 0 %
2026/02/02 07:30:38.590, 1047 MiB, 0 %
2026/02/02 07:30:53.591, 1047 MiB, 0 %
2026/02/02 07:31:08.592, 1047 MiB, 0 %
2026/02/02 07:31:23.593, 1047 MiB, 0 %
2026/02/02 07:31:38.594, 1047 MiB, 0 %
2026/02/02 07:31:53.595, 1047 MiB, 0 %
2026/02/02 07:32:08.595, 1047 MiB, 0 %
2026/02/02 07:32:23.595, 1047 MiB, 0 %
2026/02/02 07:32:38.595, 1047 MiB, 0 %
2026/02/02 07:32:53.596, 1047 MiB, 0 %
2026/02/02 07:33:08.596, 1047 MiB, 0 %
2026/02/02 07:33:23.596, 1047 MiB, 0 %
2026/02/02 07:33:38.596, 1047 MiB, 0 %
2026/02/02 07:33:53.597, 1047 MiB, 0 %
2026/02/02 07:34:08.597, 1047 MiB, 0 %
2026/02/02 07:34:23.598, 1047 MiB, 0 %
2026/02/02 07:34:38.599, 1047 MiB, 0 %
2026/02/02 07:34:53.601, 1047 MiB, 0 %
2026/02/02 07:35:08.602, 1047 MiB, 0 %
2026/02/02 07:35:23.603, 1047 MiB, 0 %
2026/02/02 07:35:38.604, 1047 MiB, 0 %
2026/02/02 07:35:53.605, 1047 MiB, 0 %
2026/02/02 07:36:08.606, 1047 MiB, 0 %
2026/02/02 07:36:23.607, 1047 MiB, 0 %
2026/02/02 07:36:38.608, 1047 MiB, 0 %
2026/02/02 07:36:53.609, 1047 MiB, 0 %
2026/02/02 07:37:08.611, 1047 MiB, 0 %
2026/02/02 07:37:23.612, 1047 MiB, 0 %
2026/02/02 07:37:38.613, 1047 MiB, 0 %
2026/02/02 07:37:53.614, 1047 MiB, 0 %
2026/02/02 07:38:08.615, 1047 MiB, 0 %
2026/02/02 07:38:23.616, 1047 MiB, 0 %
2026/02/02 07:38:38.617, 1047 MiB, 0 %
2026/02/02 07:38:53.619, 1047 MiB, 0 %
2026/02/02 07:39:08.620, 1047 MiB, 0 %
2026/02/02 07:39:23.621, 1047 MiB, 0 %
2026/02/02 07:39:38.622, 1047 MiB, 0 %
2026/02/02 07:39:53.623, 1047 MiB, 0 %
2026/02/02 07:40:08.625, 1047 MiB, 0 %
2026/02/02 07:40:23.626, 1047 MiB, 0 %
2026/02/02 07:40:38.627, 1047 MiB, 0 %
2026/02/02 07:40:53.628, 1047 MiB, 0 %
2026/02/02 07:41:08.629, 1047 MiB, 0 %
2026/02/02 07:41:23.631, 1047 MiB, 0 %
2026/02/02 07:41:38.632, 1047 MiB, 0 %
2026/02/02 07:41:53.633, 1047 MiB, 0 %
2026/02/02 07:42:08.634, 1047 MiB, 0 %
2026/02/02 07:42:23.635, 1047 MiB, 0 %
2026/02/02 07:42:38.637, 1047 MiB, 0 %
2026/02/02 07:42:53.638, 1047 MiB, 0 %
2026/02/02 07:43:08.639, 1047 MiB, 0 %
2026/02/02 07:43:23.640, 1047 MiB, 0 %
2026/02/02 07:43:38.641, 1047 MiB, 0 %
2026/02/02 07:43:53.642, 1047 MiB, 0 %
2026/02/02 07:44:08.644, 1047 MiB, 0 %
2026/02/02 07:44:23.645, 1047 MiB, 0 %
2026/02/02 07:44:38.646, 1047 MiB, 0 %
2026/02/02 07:44:53.647, 1047 MiB, 0 %
2026/02/02 07:45:08.648, 1047 MiB, 0 %
2026/02/02 07:45:23.649, 1047 MiB, 0 %
2026/02/02 07:45:38.651, 1047 MiB, 0 %
2026/02/02 07:45:53.652, 1047 MiB, 0 %
2026/02/02 07:46:08.653, 1047 MiB, 0 %
2026/02/02 07:46:23.654, 1047 MiB, 0 %
2026/02/02 07:46:38.655, 1047 MiB, 0 %
2026/02/02 07:46:53.657, 1047 MiB, 0 %
2026/02/02 07:47:08.658, 1047 MiB, 0 %
2026/02/02 07:47:23.659, 1047 MiB, 0 %
2026/02/02 07:47:38.660, 1047 MiB, 0 %
2026/02/02 07:47:53.661, 1047 MiB, 0 %
2026/02/02 07:48:08.663, 1047 MiB, 0 %
2026/02/02 07:48:23.664, 1047 MiB, 0 %
2026/02/02 07:48:38.665, 1047 MiB, 0 %
2026/02/02 07:48:53.666, 1047 MiB, 0 %
2026/02/02 07:49:08.667, 1047 MiB, 0 %
2026/02/02 07:49:23.669, 1047 MiB, 0 %
2026/02/02 07:49:38.670, 1047 MiB, 0 %
2026/02/02 07:49:53.671, 1047 MiB, 0 %
2026/02/02 07:50:08.672, 1047 MiB, 0 %
2026/02/02 07:50:23.673, 1047 MiB, 0 %
2026/02/02 07:50:38.674, 1047 MiB, 0 %
2026/02/02 07:50:53.676, 1047 MiB, 0 %
2026/02/02 07:51:08.677, 1047 MiB, 0 %
2026/02/02 07:51:23.678, 1047 MiB, 0 %
2026/02/02 07:51:38.679, 1047 MiB, 0 %
2026/02/02 07:51:53.680, 1047 MiB, 0 %
2026/02/02 07:52:08.681, 1047 MiB, 0 %
2026/02/02 07:52:23.683, 1047 MiB, 0 %
2026/02/02 07:52:38.684, 1047 MiB, 0 %
2026/02/02 07:52:53.685, 1047 MiB, 0 %
2026/02/02 07:53:08.686, 1047 MiB, 0 %
2026/02/02 07:53:23.687, 1047 MiB, 0 %
2026/02/02 07:53:38.688, 1047 MiB, 0 %
2026/02/02 07:53:53.690, 1047 MiB, 0 %
2026/02/02 07:54:08.691, 1047 MiB, 0 %
2026/02/02 07:54:23.691, 1047 MiB, 0 %
2026/02/02 07:54:38.693, 1047 MiB, 0 %
2026/02/02 07:54:53.694, 1047 MiB, 0 %
2026/02/02 07:55:08.695, 1047 MiB, 0 %
2026/02/02 07:55:23.696, 1047 MiB, 0 %
2026/02/02 07:55:38.697, 1047 MiB, 0 %
2026/02/02 07:55:53.698, 1047 MiB, 0 %
2026/02/02 07:56:08.700, 1047 MiB, 0 %
2026/02/02 07:56:23.701, 1047 MiB, 0 %
2026/02/02 07:56:38.702, 1047 MiB, 0 %
2026/02/02 07:56:53.703, 1047 MiB, 0 %
2026/02/02 07:57:08.704, 1047 MiB, 0 %
